NAME,LATITUDE,LONGITUDE,DATE,AWND,WSF2
"MARY ESTHER 0.6 E, FL US",30.4109,-86.6475,9/11/2017,,
"OAK HILL 2.8 WSW, FL US",28.860597,-80.871231,9/11/2017,,
"COCOA 2.6 WNW, FL US",28.3956,-80.7868,9/11/2017,,
"DE LAND 1.4 WSW, FL US",29.02638751,-81.31822754,9/11/2017,,
"NICEVILLE 3.4 ESE, FL US",30.512333,-86.4305,9/11/2017,,
"CRESTVIEW 1.9 SE, FL US",30.73,-86.555,9/11/2017,,
"PALM SHORES 4.3 NNW, FL US",28.2439,-80.6842,9/11/2017,,
"LOXAHATCHEE NWR, FL US",26.4985,-80.216,9/11/2017,,
"INVERNESS 2.6 ENE, FL US",28.85823631,-82.30563354,9/11/2017,,
"SUN CITY CENTER 0.9 SSE, FL US",27.708626,-82.348262,9/11/2017,,
"MICCO 1.3 NW, FL US",27.886064,-80.528297,9/11/2017,,
"HERNANDO 1.6 N, FL US",28.92978,-82.37039,9/11/2017,,
"DAVIE 2.6 WSW, FL US",26.06451988,-80.3256073,9/11/2017,,
"MONTICELLO 2.9 WSW, FL US",30.5255,-83.91623,9/11/2017,,
"LA BELLE 4.5 NNW, FL US",26.820574,-81.4495,9/11/2017,,
"SHALIMAR 1.0 N, FL US",30.458585,-86.58152,9/11/2017,,
"CAPE CANAVERAL 0.6 ESE, FL US",28.3861,-80.6003,9/11/2017,,
"ROCKLEDGE 1.1 WSW, FL US",28.312227,-80.745553,9/11/2017,,
"MELBOURNE BEACH 3.9 SSE, FL US",28.0165,-80.5332,9/11/2017,,
"CRYSTAL RIVER 4.7 ESE, FL US",28.870996,-82.527257,9/11/2017,,
"CRYSTAL RIVER 5.3 NNE, FL US",28.969336,-82.558675,9/11/2017,,
"LAMONT 7.7 SW, FL US",30.29251,-83.8973,9/11/2017,,
"DELAND 2.0 W, FL US",29.03740692,-81.32992554,9/11/2017,,
"TAMPA 4.8 SW, FL US",27.8902,-82.4907,9/11/2017,,
"MUSE, FL US",26.826,-81.4915,9/11/2017,,
"LUTZ 0.6 WSW, FL US",28.134079,-82.471878,9/11/2017,,
"RIVERVIEW 0.9 ENE, FL US",27.87351227,-82.30288696,9/11/2017,,
"PALM BAY 2.6 SSE, FL US",27.951176,-80.64202,9/11/2017,,
"PALM SHORES 1.4 W, FL US",28.18825,-80.680461,9/11/2017,,
"NICEVILLE 2.3 SE, FL US",30.504883,-86.45918,9/11/2017,,
"NICEVILLE 3.6 SE, FL US",30.49385,-86.439794,9/11/2017,,
"EGLIN AFB 5.6 NE, FL US",30.52436,-86.49238,9/11/2017,,
"RUSKIN 1.6 ESE, FL US",27.70357,-82.40661,9/11/2017,,
"MELBOURNE 1.1 N, FL US",28.1312,-80.6436,9/11/2017,,
"RIVERVIEW 4.9 S, FL US",27.79903,-82.316107,9/11/2017,,
"MIRAMAR 3.7 E, FL US",25.979063,-80.274199,9/11/2017,,
"NAPLES MUNICIPAL AIRPORT, FL US",26.15498,-81.77514,9/11/2017,,
"MARATHON AIRPORT, FL US",24.72624,-81.0477,9/11/2017,,14.1
"FORT PIERCE ST LUCIE CO INTERNATIONAL AIRPORT, FL US",27.49816,-80.37626,9/11/2017,17.45,44.1
"FORT MYERS SW FLORIDA REGIONAL AIRPORT, FL US",26.53805,-81.75674,9/11/2017,19.24,45
"APOLLO BEACH 2.7 ENE, FL US",27.7822,-82.3645,9/11/2017,,
"ORMOND BEACH 3.5 SE, FL US",29.265,-81.0472,9/11/2017,,
"DE LAND 4.5 NW, FL US",29.087,-81.344,9/11/2017,,
"DE LAND 5.7 NW, FL US",29.09954,-81.356858,9/11/2017,,
"PALM BAY 4.9 S, FL US",27.914683,-80.652338,9/11/2017,,
"MELBOURNE 4.6 NNW, FL US",28.1712,-80.6816,9/11/2017,,
"NAPLES, FL US",26.1653,-81.6843,9/11/2017,,
"MELBOURNE 4.7 N, FL US",28.1825,-80.6524,9/11/2017,,
"LA BELLE 2.3 WNW, FL US",26.763904,-81.474755,9/11/2017,,
"PALM BAY 2.7 SSE, FL US",27.950097,-80.642062,9/11/2017,,
"MERRITT ISLAND 3.8 N, FL US",28.365179,-80.66471,9/11/2017,,
"NETTLES ISLAND, FL US",27.28768,-80.22144,9/11/2017,,
"INDIALANTIC 3.3 NNW, FL US",28.132907,-80.585547,9/11/2017,,
"WESTON 2.8 SE, FL US",26.07204,-80.3679,9/11/2017,,
"PLANTATION 1.9 SE, FL US",26.106931,-80.23944,9/11/2017,,
"MIMS 1.6 SW, FL US",28.668625,-80.865034,9/11/2017,,
"TAMARAC 2.2 W, FL US",26.210471,-80.292299,9/11/2017,,
"FERNANDINA BEACH, FL US",30.6669,-81.4525,9/11/2017,,
"NORTHWEST FLORIDA BEACHES INTERNATIONAL AIRPORT, FL US",30.34869,-85.78835,9/11/2017,19.01,30
"TITUSVILLE 3.5 NW, FL US",28.6282,-80.8572,9/11/2017,,
"MYAKKA RIVER ST PK, FL US",27.24012,-82.31525,9/11/2017,,
"PLANTATION 3.4 E, FL US",26.118211,-80.206628,9/11/2017,,
"GAINESVILLE 5.0 SSW, FL US",29.605565,-82.360065,9/11/2017,,
"GAINESVILLE 2.4 NW, FL US",29.699087,-82.363345,9/11/2017,,
"ALACHUA 5.2 NNW, FL US",29.85194588,-82.49993896,9/11/2017,,
"GAINESVILLE 7.7 W, FL US",29.657232,-82.463644,9/11/2017,,
"ROYAL PALM RANGER STATION, FL US",25.3866,-80.5936,9/11/2017,,
"FORT LAUDERDALE, FL US",26.1019,-80.2011,9/11/2017,,
"GAINESVILLE 7.5 WSW, FL US",29.646704,-82.456255,9/11/2017,,
"GAINESVILLE 5.4 W, FL US",29.67778,-82.426389,9/11/2017,,
"SEBRING 2.8 WNW, FL US",27.49949074,-81.49796295,9/11/2017,,
"BONIFAY TRI CO AIRPORT, FL US",30.84315,-85.60431,9/11/2017,13.42,23
"STUART, FL US",27.1897,-80.2397,9/11/2017,,
"GAINESVILLE 2.4 SW, FL US",29.64781761,-82.36181641,9/11/2017,,
"MICANOPY 2.1 NNE, FL US",29.5348,-82.2681,9/11/2017,,
"MARCO ISLAND, FL US",25.9491,-81.7138,9/11/2017,,
"OCALA 7.0 NW, FL US",29.25054,-82.22113,9/11/2017,,
"BELLEVIEW 3.3 SSW, FL US",29.018333,-82.080833,9/11/2017,,
"THE VILLAGES 3.7 NNW, FL US",28.980161,-82.023016,9/11/2017,,
"OCALA 11.2 SW, FL US",29.06742,-82.25607,9/11/2017,,
"SANFORD, FL US",28.8147,-81.2778,9/11/2017,,
"DEVILS GARDEN, FL US",26.66388,-81.08998,9/11/2017,,
"OCALA, FL US",29.1638,-82.0777,9/11/2017,,
"WHITING FIELD NAS SOUTH, FL US",30.69729,-87.02073,9/11/2017,16.33,25.1
"CHOCTAW NAVAL OUTLYING FIELD MILTON, FL US",30.51195,-86.95406,9/11/2017,,
"OCALA 1.1 SE, FL US",29.177855,-82.116006,9/11/2017,,
"OCALA 4.6 N, FL US",29.254215,-82.126714,9/11/2017,,
"OCALA 10.7 WSW, FL US",29.111687,-82.284807,9/11/2017,,
"ELLENTON 6.6 E, FL US",27.54,-82.422,9/11/2017,,
"TALLAHASSEE 4.3 N, FL US",30.519525,-84.278754,9/11/2017,,
"TALLAHASSEE 1.3 SW, FL US",30.446293,-84.29968,9/11/2017,,
"DESTIN FORT WALTON BEACH AIRPORT, FL US",30.39333,-86.46738,9/11/2017,17.22,30
"SANBORN FLORIDA, FL US",30.23,-84.68,9/11/2017,,
"DEERFIELD BEACH 2.5 ESE, FL US",26.303831,-80.081289,9/11/2017,,
"OCALA 9.8 SW, FL US",29.100556,-82.258611,9/11/2017,,
"MICANOPY 4.6 SSE, FL US",29.4453,-82.2492,9/11/2017,,
"WILMA FLORIDA, FL US",30.1694,-84.9344,9/11/2017,,
"INTERLACHEN 8.8 S, FL US",29.489807,-81.904317,9/11/2017,,
"BRADENTON 10.8 SE, FL US",27.430921,-82.415236,9/11/2017,,
"BRADENTON 11.0 E, FL US",27.504967,-82.400487,9/11/2017,,
"STARKE 0.9 ESE, FL US",29.942964,-82.097943,9/11/2017,,
"TALLAHASSEE 3.3 SSE, FL US",30.413989,-84.256817,9/11/2017,,
"TALLAHASSEE 3.5 N, FL US",30.508166,-84.283457,9/11/2017,,
"FORT LAUDERDALE 1.9 SSW, FL US",26.11786,-80.152112,9/11/2017,,
"BRADENTON, FL US",27.4467,-82.5014,9/11/2017,,
"OCALA 14.3 S, FL US",28.976,-82.1746,9/11/2017,,
"BRADENTON 3.5 WNW, FL US",27.50992,-82.62971,9/11/2017,,
"SARASOTA 6.4 NNE, FL US",27.423676,-82.492256,9/11/2017,,
"PALMETTO 6.4 ENE, FL US",27.562194,-82.483024,9/11/2017,,
"NICEVILLE, FL US",30.5316,-86.4928,9/11/2017,,
"FORT MYERS 4.5 SE, FL US",26.582677,-81.802369,9/11/2017,,
"TALLAHASSEE 14.2 NE, FL US",30.603299,-84.112587,9/11/2017,,
"FORT MYERS 0.8 N, FL US",26.64226151,-81.84883881,9/11/2017,,
"LOWER SUWANNEE FLORIDA, FL US",29.3731,-83.0344,9/11/2017,,
"MIRAMAR 3.0 WNW, FL US",25.9917,-80.3791,9/11/2017,,
"TALLAHASSEE 9.6 N, FL US",30.594969,-84.267948,9/11/2017,,
"POMPANO BEACH HIGHLANDS 0.7 E, FL US",26.286,-80.103,9/11/2017,,
"THE VILLAGES 2.7 NNW, FL US",28.9744,-81.9986,9/11/2017,,
"OCKLAWAHA 4.9 NE, FL US",29.136486,-81.839062,9/11/2017,,
"TALLAHASSEE 10.8 N, FL US",30.611569,-84.256832,9/11/2017,,
"BELLEVIEW 4.8 E, FL US",29.0609,-81.9759,9/11/2017,,
"PIERSON 1.5 SW, FL US",29.22407,-81.47947,9/11/2017,,
"LAKE CITY 7.9 SSW, FL US",30.0812,-82.671,9/11/2017,,
"THE VILLAGES 2.6 NW, FL US",28.963717,-82.012148,9/11/2017,,
"PORT SALERNO 5 W, FL US",27.0997,-80.2627,9/11/2017,,
"TALLAHASSEE 5.2 E, FL US",30.442466,-84.194941,9/11/2017,,
"FORT WHITE 3.2 WNW, FL US",29.94478035,-82.76044464,9/11/2017,,
"TALLAHASSEE 10.2 NE, FL US",30.5486222,-84.14635,9/11/2017,,
"TALLAHASSEE 4.2 N, FL US",30.517503,-84.283956,9/11/2017,,
"MIMS 8.5 W, FL US",28.69084,-80.98698,9/11/2017,,
"DESTIN 1.2 NW, FL US",30.40255,-86.490553,9/11/2017,,
"MICANOPY 3.6 SSW, FL US",29.457061,-82.299833,9/11/2017,,
"NICEVILLE 2.1 SE, FL US",30.509971,-86.458237,9/11/2017,,
"OCALA WEATHER SERVICE, FL US",29.08046,-82.173797,9/11/2017,,
"DAYTONA BEACH SHORES 1.8 SSE, FL US",29.149417,-80.969621,9/11/2017,,
"LADY LAKE 4.8 WNW, FL US",28.96094,-81.9979,9/11/2017,,
"EDGEWATER 0.1 SW, FL US",28.966198,-80.906013,9/11/2017,,
"LECANTO 1.9 E, FL US",28.852984,-82.45467,9/11/2017,,
"HERNANDO 2.9 W, FL US",28.91421,-82.42147,9/11/2017,,
"DE LAND 1.3 WSW, FL US",29.025917,-81.31653,9/11/2017,,
"PORT ORANGE 2.9 WSW, FL US",29.1,-81.05276,9/11/2017,,
"HAMMOCKS 0.5 SSE, FL US",25.665,-80.4395,9/11/2017,,
"BELLEVIEW 6.0 SSE, FL US",28.977361,-82.024456,9/11/2017,,
"SPRING HILL 2.4 WSW, FL US",28.471471,-82.599183,9/11/2017,,
"MIRAMAR BEACH 9.5 ESE, FL US",30.34628,-86.204803,9/11/2017,,
"DE FUNIAK SPRINGS 12.5 NW, FL US",30.84455,-86.275704,9/11/2017,,
"DEFUNIAK SPRINGS 3.6 NW, FL US",30.761972,-86.157031,9/11/2017,,
"CROSS CITY 1 E, FL US",29.6333,-83.1053,9/11/2017,,
"WEEKI WACHEE 7.1 NNE, FL US",28.61052,-82.5351,9/11/2017,,
"BROOKSVILLE 1.2 E, FL US",28.55534,-82.373572,9/11/2017,,
"SPRING HILL 2.4 NW, FL US",28.495454,-82.6018,9/11/2017,,
"CRESCENT CITY 2.0 N, FL US",29.466098,-81.520957,9/11/2017,,
"PANAMA CITY 5 N, FL US",30.2491,-85.6605,9/11/2017,,
"LUTZ 3.4 NE, FL US",28.171446,-82.422326,9/11/2017,,
"ZEPHYRHILLS 0.9 ENE, FL US",28.241976,-82.163851,9/11/2017,,
"NAVAL LIVE OAKS FLORIDA, FL US",30.3664,-87.1375,9/11/2017,,
"LINDGREN ACRES 0.7 SW, FL US",25.6633578,-80.4096612,9/11/2017,,
"DADE CITY 1.8 WSW, FL US",28.352214,-82.222508,9/11/2017,,
"CUTLER RIDGE 1.7 SSW, FL US",25.560043,-80.357536,9/11/2017,,
"BISCAYNE PARK 0.3 E, FL US",25.881971,-80.176893,9/11/2017,,
"SOUTH MIAMI 0.5 N, FL US",25.715589,-80.296772,9/11/2017,,
"DE FUNIAK SPRINGS 2.9 N, FL US",30.76166667,-86.12277778,9/11/2017,,
"INLET BEACH 0.7 E, FL US",30.276034,-85.996513,9/11/2017,,
"MOUNTAIN LAKE, FL US",27.93779,-81.59928,9/11/2017,,
"PORT RICHEY 2.0 NNE, FL US",28.3014,-82.7146,9/11/2017,,
"PALMETTO BAY 0.6 WNW, FL US",25.625683,-80.333095,9/11/2017,,
"GAINESVILLE 3.8 W, FL US",29.680193,-82.398823,9/11/2017,,
"VERO BEACH 1.5 WSW, FL US",27.641405,-80.417429,9/11/2017,,
"PORT CHARLOTTE 6.2 W, FL US",26.980545,-82.209412,9/11/2017,,
"MICANOPY 8.5 W, FL US",29.5093,-82.4222,9/11/2017,,
"LADY LAKE 4.3 SSW, FL US",28.869917,-81.954389,9/11/2017,,
"HIGH SPRINGS 3.2 SW, FL US",29.786949,-82.627651,9/11/2017,,
"THE VILLAGES 3.5 WSW, FL US",28.93096,-82.006,9/11/2017,,
"PENSACOLA 1.9 NE, FL US",30.466405,-87.171483,9/11/2017,,
"THE VILLAGES 4.8 SSW, FL US",28.868717,-81.984241,9/11/2017,,
"THE VILLAGES 2.7 NNW, FL US",28.9003,-81.973,9/11/2017,,
"JACKSONVILLE CRAIG MUNICIPAL AIRPORT, FL US",30.33708,-81.51277,9/11/2017,26.4,46.1
"PENSACOLA 18.9 WSW, FL US",30.312955,-87.467244,9/11/2017,,
"HOMESTEAD 3.0 NW, FL US",25.4897,-80.4911,9/11/2017,,
"ORLANDO WEST, FL US",28.5082,-81.5467,9/11/2017,,
"ZEPHYRHILLS NORTH 2.3 N, FL US",28.2839,-82.16144,9/11/2017,,
"BROOKER 6.6 SSE, FL US",29.80059,-82.283616,9/11/2017,,
"CUTLER RIDGE 1.5 SSW, FL US",25.56100464,-80.35260773,9/11/2017,,
"VERO BEACH 2.4 W, FL US",27.643772,-80.433882,9/11/2017,,
"VERNON 10.6 WSW, FL US",30.567783,-85.87305,9/11/2017,,
"PORT CHARLOTTE 1.9 ENE, FL US",26.99603,-82.079741,9/11/2017,,
"PERRY 2.0 S, FL US",30.080322,-83.586422,9/11/2017,,
"CENTURY 12.1 W, FL US",30.96403,-87.46575,9/11/2017,,
"PENSACOLA 9.2 NW, FL US",30.52816,-87.30888,9/11/2017,,
"THE VILLAGES 2.8 ESE, FL US",28.903275,-81.965788,9/11/2017,,
"PENSACOLA 2.3 NE, FL US",30.47019,-87.16594,9/11/2017,,
"JUNO BEACH, FL US",26.86,-80.0552,9/11/2017,,
"OXFORD 1.2 ENE, FL US",28.93628508,-82.0210062,9/11/2017,,
"TARPON SPGS SEWAGE PLANT, FL US",28.15225,-82.7538,9/11/2017,,
"BUSHNELL 1.0 NNW, FL US",28.6785,-82.1205,9/11/2017,,
"DESOTO CITY, FL US",27.3697,-81.5136,9/11/2017,,
"CHEKIKA FLORIDA, FL US",25.625,-80.5797,9/11/2017,,
"VERO BEACH 5.3 W, FL US",27.640879,-80.480391,9/11/2017,,
"GAINESVILLE 6.5 NW, FL US",29.737964,-82.416213,9/11/2017,,
"LAKE PLACID 1.1 WSW, FL US",27.2877,-81.3853,9/11/2017,,
"GONZALEZ 2.5 NNW, FL US",30.60403,-87.31218,9/11/2017,,
"HOLIDAY 0.6 E, FL US",28.187464,-82.73213,9/11/2017,,
"LAND O LAKES 1.8 SE, FL US",28.20266,-82.43405,9/11/2017,,
"BUSHNELL 1 E, FL US",28.66641,-82.08947,9/11/2017,,
"DADE CITY 4.1 SSE, FL US",28.305428,-82.174041,9/11/2017,,
"SEBASTIAN 1.7 SSE, FL US",27.763426,-80.474196,9/11/2017,,
"VERO BEACH 3.4 W, FL US",27.642899,-80.44938,9/11/2017,,
"GAINESVILLE 1.7 SE, FL US",29.65547,-82.31708,9/11/2017,,
"MAYO, FL US",30.1063,-83.1819,9/11/2017,,
"VERO BEACH 3.5 SSW, FL US",27.59959,-80.416643,9/11/2017,,
"VERO BEACH 2.5 S, FL US",27.610172,-80.39295,9/11/2017,,
"VERO BEACH 6.0 SSE, FL US",27.5598,-80.388936,9/11/2017,,
"SYLVAN SHORES 8.5 NE, FL US",27.405027,-81.246061,9/11/2017,,
"SEBRING 4.7 WNW, FL US",27.515983,-81.525033,9/11/2017,,
"AVON PARK 0.6 NW, FL US",27.60047,-81.509323,9/11/2017,,
"GONZALEZ 2.1 E, FL US",30.568513,-87.254739,9/11/2017,,
"LADY LAKE 5.0 W, FL US",28.92495,-82.0119,9/11/2017,,
"LAND O LAKES 1.5 SSE, FL US",28.202699,-82.440046,9/11/2017,,
"CAPE FLORIDA, FL US",25.6719,-80.1566,9/11/2017,,
"FLEMING ISLAND 1.7 SE, FL US",30.0785,-81.6956,9/11/2017,,
"KEYSTONE HEIGHTS 3.5 ENE, FL US",29.798056,-81.978811,9/11/2017,,
"KEYSTONE HEIGHTS 6.9 ENE, FL US",29.81717,-81.92745,9/11/2017,,
"KEYSTONE HEIGHTS 7.6 ENE, FL US",29.8362,-81.924675,9/11/2017,,
"CHIPLEY, FL US",30.7806,-85.5503,9/11/2017,,
"ARCADIA, FL US",27.21785,-81.8742,9/11/2017,,
"GREEN COVE SPRINGS 6.8 SSE, FL US",29.901897,-81.627703,9/11/2017,,
"ENGLEWOOD 2.0 NNW, FL US",26.986543,-82.365365,9/11/2017,,
"COCOA 4.6 NW, FL US",28.4247,-80.8018,9/11/2017,,
"MIMS 3.3 SW, FL US",28.64682,-80.88007,9/11/2017,,
"PENSACOLA 12.5 SW, FL US",30.3315,-87.353,9/11/2017,,
"PENSACOLA 7.0 NNW, FL US",30.534554,-87.244034,9/11/2017,,
"PALM BAY 3.2 S, FL US",27.939933,-80.669107,9/11/2017,,
"LAKELAND 2, FL US",27.99437,-82.01378,9/11/2017,,
"NORTH PORT 1.6 ENE, FL US",27.061,-82.172,9/11/2017,,
"NORTH PORT 4.7 NNE, FL US",27.113171,-82.165734,9/11/2017,,
"SARASOTA 5.8 SE, FL US",27.261,-82.4885,9/11/2017,,
"COCOA 5.1 NW, FL US",28.42102,-80.81711,9/11/2017,,
"TITUSVILLE 5.9 NNW, FL US",28.6613616,-80.8699074,9/11/2017,,
"MERRITT ISLAND 5.6 NNW, FL US",28.382235,-80.706679,9/11/2017,,
"SARASOTA 1.4 E, FL US",27.34013939,-82.52347565,9/11/2017,,
"ENGLEWOOD 3.7 NNW, FL US",27.003679,-82.386879,9/11/2017,,
"PACE 2.4 N, FL US",30.633971,-87.15933,9/11/2017,,
"MIDDLEBURG 3.8 NW, FL US",30.086134,-81.949961,9/11/2017,,
"GREEN COVE SPRINGS 2.6 WNW, FL US",30.00567,-81.71777,9/11/2017,,
"PENNEY FARMS 0.1 E, FL US",29.980955,-81.810151,9/11/2017,,
"ST AUGUSTINE AIRPORT, FL US",29.95917,-81.33972,9/11/2017,,55
"KISSIMMEE 2, FL US",28.2763,-81.424,9/11/2017,,
"NORTH PORT 2.6 E, FL US",27.054479,-82.152672,9/11/2017,,
"POMPANO BEACH AIRPARK, FL US",26.24636,-80.11105,9/11/2017,13.2,21.9
"ST PETERSBURG ALBERT WHITTED AIRPORT, FL US",27.76847,-82.62568,9/11/2017,17.45,38
"HOLLYWOOD NORTH PERRY AIRPORT, FL US",25.99956,-80.24119,9/11/2017,14.54,55.9
"KISSIMMEE PRAIRIE PRESERVE, FL US",27.6038,-81.053,9/11/2017,,
"ARCHBOLD BIO STATION, FL US",27.1819,-81.3508,9/11/2017,,
"BARTOW 1 SE, FL US",27.88608,-81.83251,9/11/2017,,
"LAKE WORTH 1.2 N, FL US",26.6362,-80.0558,9/11/2017,,
"NAVARRE 6.2 E, FL US",30.41475,-86.80899,9/11/2017,,
"KEYSTONE HEIGHTS 1.8 ESE, FL US",29.76677704,-82.00788116,9/11/2017,,
"SATSUMA 4.0 NE, FL US",29.5909,-81.6063,9/11/2017,,
"EAST PALATKA 3.5 NNW, FL US",29.696167,-81.626432,9/11/2017,,
"BROOKSVILLE 5.5 SE, FL US",28.508178,-82.319718,9/11/2017,,
"CRESCENT CITY 8.6 WSW, FL US",29.39962,-81.65219,9/11/2017,,
"FLORAHOME 4.1 NNE, FL US",29.783161,-81.848668,9/11/2017,,
"ORANGE PARK 4.1 WSW, FL US",30.144849,-81.766778,9/11/2017,,
"HIGH POINT 0.2 E, FL US",28.547031,-82.523102,9/11/2017,,
"ABERDEEN 4.2 NNW, FL US",26.607032,-80.172049,9/11/2017,,
"SUNSET 2.4 SW, FL US",25.683459,-80.381546,9/11/2017,,
"SUN VALLEY 0.8 SW, FL US",26.518,-80.145,9/11/2017,,
"NORTH PORT 3.6 ESE, FL US",27.03619,-82.13814,9/11/2017,,
"NAVARRE 2.1 WNW, FL US",30.408899,-86.897846,9/11/2017,,
"GULF BREEZE 7.2 ENE, FL US",30.39767647,-87.05970764,9/11/2017,,
"SATSUMA 0.2 WSW, FL US",29.5516586,-81.6578598,9/11/2017,,
"INTERLACHEN 10.4 NNE, FL US",29.75871,-81.83854,9/11/2017,,
"EVERGLADES CITY 5 NE, FL US",25.8996,-81.3183,9/11/2017,,
"SEBRING 23 SSE, FL US",27.1526,-81.3689,9/11/2017,,
"FLEMING ISLAND 2.2 S, FL US",30.06164,-81.71337,9/11/2017,,
"ORANGE PARK 2.5 WSW, FL US",30.15172,-81.742435,9/11/2017,,
"KEYSTONE HEIGHTS 10.0 NE, FL US",29.8641589,-81.8978604,9/11/2017,,
"ABERDEEN 3.7 WNW, FL US",26.575478,-80.202553,9/11/2017,,
"TITUSVILLE 7 E, FL US",28.6159,-80.6929,9/11/2017,,
"APOPKA 2.9 E, FL US",28.6848,-81.4659,9/11/2017,,
"UNION PARK 3.9 E, FL US",28.5598826,-81.17177457,9/11/2017,,
"ST. AUGUSTINE 12.2 WNW, FL US",29.944067,-81.5061,9/11/2017,,
"ROYAL PALM BEACH 5.0 W, FL US",26.714038,-80.30703,9/11/2017,,
"JACKSONVILLE INTERNATIONAL AIRPORT, FL US",30.49529,-81.69374,9/11/2017,28.19,59.1
"LANTANA 0.3 E, FL US",26.58380249,-80.05063148,9/11/2017,,
"WELLINGTON 0.7 SE, FL US",26.65101242,-80.24752045,9/11/2017,,
"CRESTVIEW FAA AP, FL US",30.77715,-86.51938,9/11/2017,14.76,25.1
"ORLANDO 4.9 N, FL US",28.57430077,-81.38513947,9/11/2017,,
"ORLANDO 4.8 NNW, FL US",28.57224846,-81.39583588,9/11/2017,,
"ORANGE 11.2 NE, FL US",28.587995,-81.106032,9/11/2017,,
"LISBON, FL US",28.8728,-81.7844,9/11/2017,,
"MARIANNA MUNICIPAL AIRPORT, FL US",30.83696,-85.18352,9/11/2017,21.03,33.1
"PENSACOLA REGIONAL AIRPORT, FL US",30.47612,-87.18575,9/11/2017,17.22,28
"UNION PARK 1.1 E, FL US",28.562445,-81.218461,9/11/2017,,
"MAYPORT PILOT STATION, FL US",30.4,-81.41667,9/11/2017,31.99,70
"WAUCHULA, FL US",27.5477,-81.7994,9/11/2017,,
"CITRUS PARK 1.3 ENE, FL US",28.08232,-82.549328,9/11/2017,,
"VALRICO 1.1 SE, FL US",27.929363,-82.228964,9/11/2017,,
"VALRICO 2.2 SE, FL US",27.9125,-82.2261,9/11/2017,,
"MOUNT PLYMOUTH 1 SSW, FL US",28.7991,-81.5373,9/11/2017,,
"UNION PARK 2.9 SSE, FL US",28.522274,-81.225459,9/11/2017,,
"ST. AUGUSTINE SOUTH 2.1 SSW, FL US",29.81285,-81.331895,9/11/2017,,
"JUPITER 2.0 SW, FL US",26.901957,-80.124571,9/11/2017,,
"TAMPA 5.1 S, FL US",27.885885,-82.489524,9/11/2017,,
"SUN CITY CENTER 1.0 NE, FL US",27.7305,-82.3384,9/11/2017,,
"BLOOMINGDALE 1.3 ESE, FL US",27.86801,-82.24052,9/11/2017,,
"BOYNTON BEACH 1.3 WNW, FL US",26.535709,-80.09982,9/11/2017,,
"BOYNTON BEACH 6.2 WNW, FL US",26.55375,-80.176418,9/11/2017,,
"ABERDEEN 1.4 WNW, FL US",26.56134224,-80.16861725,9/11/2017,,
"BOCA RATON 2.1 ENE, FL US",26.38388,-80.07553,9/11/2017,,
"DELRAY BEACH 1.6 WSW, FL US",26.44198418,-80.11053467,9/11/2017,,
"WEST PALM BEACH 6.0 WNW, FL US",26.780269,-80.216571,9/11/2017,,
"WINTER GARDEN 2.3 SSW, FL US",28.530339,-81.594792,9/11/2017,,
"BAY LAKE 4.1 WSW, FL US",28.356718,-81.633374,9/11/2017,,
"ALTOONA 5.3 NNE, FL US",29.039698,-81.627135,9/11/2017,,
"BUENA VENTURA LAKES 11.0 E, FL US",28.36613274,-81.17551422,9/11/2017,,
"ASTATULA 1.0 E, FL US",28.71091843,-81.71882629,9/11/2017,,
"UNION PARK 3.8 ESE, FL US",28.543139,-81.17853,9/11/2017,,
"OCOEE 1.4 N, FL US",28.592667,-81.5285,9/11/2017,,
"ORLANDO 7.2 WNW, FL US",28.572876,-81.491422,9/11/2017,,
"LADY LAKE 2.0 NNW, FL US",28.954757,-81.93905,9/11/2017,,
"ORLANDO 12.0 S, FL US",28.3645,-81.4146,9/11/2017,,
"FORT PIERCE 8.6 NW, FL US",27.55148888,-80.40325928,9/11/2017,,
"PERRINE 4 W, FL US",25.5819,-80.4361,9/11/2017,,
"PORT ST. LUCIE 4.4 NNW, FL US",27.33976364,-80.37633514,9/11/2017,,
"PERRY, FL US",30.09861,-83.57417,9/11/2017,,
"ORLANDO 2.9 NNE, FL US",28.544286,-81.356984,9/11/2017,,
"APOPKA 3.5 ESE, FL US",28.66696,-81.460861,9/11/2017,,
"LADY LAKE 5.5 S, FL US",28.849946,-81.944595,9/11/2017,,
"PORT ST. LUCIE 1.7 NNW, FL US",27.3029,-80.36172,9/11/2017,,
"LEESBURG 2.7 NW, FL US",28.836163,-81.913656,9/11/2017,,
"PALM CITY 4.0 SW, FL US",27.1222,-80.3169,9/11/2017,,
"BOCA RATON 3.8 WSW, FL US",26.35442,-80.164432,9/11/2017,,
"FORT PIERCE 9.3 NNW, FL US",27.555353,-80.401967,9/11/2017,,
"DELRAY BEACH 2.3 WSW, FL US",26.446739,-80.125586,9/11/2017,,
"PORT ST. LUCIE 4.1 SW, FL US",27.243937,-80.406642,9/11/2017,,
"GOLDEN LAKES 2.4 SSW, FL US",26.6674136,-80.1785257,9/11/2017,,
"GOLFVIEW 0.9 SSW, FL US",26.67679,-80.11644,9/11/2017,,
"SOUTH PASADENA 1.0 NE, FL US",27.763511,-82.73149,9/11/2017,,
"MIRAMAR 2.1 W, FL US",25.974669,-80.36703,9/11/2017,,
"PORT ST. LUCIE 4.0 NE, FL US",27.323691,-80.311118,9/11/2017,,
"GROVELAND 1.7 E, FL US",28.565,-81.824,9/11/2017,,
"MOUNT PLYMOUTH 0.2 WSW, FL US",28.799,-81.535,9/11/2017,,
"FORT PIERCE 3.4 NNE, FL US",27.487398,-80.303462,9/11/2017,,
"STUART 3.7 SW, FL US",27.133546,-80.207944,9/11/2017,,
"TRADITION 5.6 W, FL US",27.268118,-80.445381,9/11/2017,,
"FORT PIERCE 2.8 SSE, FL US",27.386425,-80.328599,9/11/2017,,
"LARGO 2.2 ESE, FL US",27.896416,-82.74798,9/11/2017,,
"DUNNELLON 10.1 NW, FL US",29.15689,-82.561089,9/11/2017,,
"CHIEFLAND 8.5 ENE, FL US",29.503061,-82.722588,9/11/2017,,
"RIVERVIEW 2.1 W, FL US",27.8658,-82.3507,9/11/2017,,
"CLEARWATER 2.2 S, FL US",27.947971,-82.760507,9/11/2017,,
"LADY LAKE 2.5 SSW, FL US",28.892491,-81.9404069,9/11/2017,,
"CLERMONT 0.4 SW, FL US",28.547209,-81.762786,9/11/2017,,
"JENSEN BEACH 2.2 NW, FL US",27.2541,-80.260388,9/11/2017,,
"PORT ST. LUCIE 2.4 N, FL US",27.313837,-80.356329,9/11/2017,,
"PALM CITY 3.1 NW, FL US",27.19760513,-80.29985046,9/11/2017,,
"LIVE OAK 10.0 W, FL US",30.30671,-83.15325,9/11/2017,,
"CENTRAL FLORIDA, FL US",29.105,-81.63,9/11/2017,,
"RACCOON POINT FLORIDA, FL US",25.9708,-80.9,9/11/2017,,
"INDIANTOWN 0.4 SW, FL US",27.03258133,-80.47323608,9/11/2017,,
"JUPITER 4.0 NNW, FL US",26.972911,-80.138203,9/11/2017,,
"PALM CITY 1.4 NW, FL US",27.175463,-80.284975,9/11/2017,,
"OKEECHOBEE 18.0 NNW, FL US",27.4681,-80.97531,9/11/2017,,
"TRENTON 8.0 ENE, FL US",29.67172,-82.7014,9/11/2017,,
"OKEECHOBEE 27.1 NNW, FL US",27.58467,-81.04556,9/11/2017,,
"TRENTON 4.0 NW, FL US",29.656267,-82.862753,9/11/2017,,
"TEMPLE TERRACE 1.5 SE, FL US",28.025817,-82.367522,9/11/2017,,
"RIVERVIEW 4.4 SSW, FL US",27.810165,-82.339151,9/11/2017,,
"LAKEWOOD PARK 0.5 SW, FL US",27.531807,-80.395191,9/11/2017,,
"JACKSONVILLE BEACH, FL US",30.2875,-81.3927,9/11/2017,,
"RIVERVIEW 4.8 SSW, FL US",27.80473,-82.34099,9/11/2017,,
"MADISON 1.2 ENE, FL US",30.47269262,-83.39544453,9/11/2017,,
"OVIEDO 1.6 SE, FL US",28.638666,-81.165168,9/11/2017,,
"TAMPA 6.5 NNE, FL US",28.03011,-82.40623,9/11/2017,,
"PLANT CITY, FL US",28.02084,-82.13855,9/11/2017,,
"LUTZ 1.3 SSE, FL US",28.122804,-82.45308,9/11/2017,,
"EASTPOINT 1.4 NW, FL US",29.7627449,-84.88659668,9/11/2017,,
"ST. GEORGE ISLAND 2.2 ENE, FL US",29.658948,-84.880928,9/11/2017,,
"TAMPA BAY AREA WEATHER FORECAST OFFICE, FL US",27.70532,-82.40092,9/11/2017,,
"SANFORD 1.9 WNW, FL US",28.79711533,-81.30506134,9/11/2017,,
"OVIEDO 4.0 W, FL US",28.65935,-81.247411,9/11/2017,,
"BLOOMINGDALE 7.6 ESE, FL US",27.828269,-82.148655,9/11/2017,,
"CACHE FLORIDA, FL US",25.3903,-80.6803,9/11/2017,,
"LUTZ 2.0 E, FL US",28.135757,-82.430417,9/11/2017,,
"QUINCY 6.0 SW, FL US",30.524685,-84.658601,9/11/2017,,
"OAKLAND PARK 0.3 SE, FL US",26.170664,-80.150142,9/11/2017,,
"QUINCY 6.0 SW, FL US",30.529356,-84.662083,9/11/2017,,
"HAVANA 4.2 SW, FL US",30.582286,-84.467118,9/11/2017,,
"QUINCY 7.5 SSW, FL US",30.481636,-84.618846,9/11/2017,,
"CHULUOTA 0.9 N, FL US",28.651958,-81.120867,9/11/2017,,
"POINCIANA PLACE 2.6 NNW, FL US",28.193045,-81.499722,9/11/2017,,
"JASPER, FL US",30.5228,-82.9447,9/11/2017,,
"APOLLO BEACH 3.0 ENE, FL US",27.784776,-82.361073,9/11/2017,,
"RUSKIN 1.8 ESE, FL US",27.705656,-82.400519,9/11/2017,,
"GREATER NORTHDALE 0.4 ENE, FL US",28.107081,-82.513162,9/11/2017,,
"SANFORD 0.4 ENE, FL US",28.790447,-81.270024,9/11/2017,,
"TALLAHASSEE AIRPORT, FL US",30.3961,-84.3555,9/11/2017,,
"PLANTATION 2.3 WNW, FL US",26.139089,-80.295318,9/11/2017,,
"HOLLYWOOD 3.9 SW, FL US",25.98663,-80.20419,9/11/2017,,
"ALFORD 0.6 SSE, FL US",30.6871579,-85.3929456,9/11/2017,,
"MARIANNA 3.9 E, FL US",30.773695,-85.174727,9/11/2017,,
"HOLLYWOOD 1.1 WNW, FL US",26.0377389,-80.179971,9/11/2017,,
"BRANDON 2.6 SW, FL US",27.9036,-82.3227,9/11/2017,,
"TAMPA 5.0 NNE, FL US",28.0126,-82.4155,9/11/2017,,
"FORT PIERCE, FL US",27.4419,-80.3508,9/11/2017,,
"FORT PIERCE ARC, FL US",27.4272,-80.4053,9/11/2017,,
"TALLAHASSEE 4.8 ESE, FL US",30.4379406,-84.20410156,9/11/2017,,
"TALLAHASSEE 7.2 N, FL US",30.56025505,-84.27293396,9/11/2017,,
"TALLAHASSEE 6.2 E, FL US",30.45733,-84.17725,9/11/2017,,
"JACKSONVILLE 11.4 ESE, FL US",30.314391,-81.467561,9/11/2017,,
"JACKSONVILLE 10.0 WSW, FL US",30.30437,-81.82263,9/11/2017,,
"JACKSONVILLE 11.9 N, FL US",30.5042291,-81.6203865,9/11/2017,,
"BLOXHAM FLORIDA, FL US",30.5872,-84.9886,9/11/2017,,
"TALLAHASSEE 10.4 E, FL US",30.4755,-84.1079,9/11/2017,,
"TALLAHASSEE 10.4 SSE, FL US",30.3101,-84.240606,9/11/2017,,
"PANAMA CITY BEACH 0.3 SW, FL US",30.206798,-85.855352,9/11/2017,,
"CANAL POINT USDA, FL US",26.8639,-80.6256,9/11/2017,,
"JACKSONVILLE 12.0 SSE, FL US",30.17049,-81.581833,9/11/2017,,
"JACKSONVILLE 13.0 W, FL US",30.29833333,-81.87111111,9/11/2017,,
"LYNN HAVEN 1.6 SSE, FL US",30.2209,-85.64312,9/11/2017,,
"PANAMA CITY 6.9 ESE, FL US",30.13825,-85.56562,9/11/2017,,
"FOUNTAIN 3.4 SSE, FL US",30.432762,-85.39918,9/11/2017,,
"PALM HARBOR 2.4 SE, FL US",28.063284,-82.735941,9/11/2017,,
"OCHOPEE FLORIDA, FL US",25.9167,-81.2833,9/11/2017,,
"BUCKINGHAM 1.7 SE, FL US",26.658553,-81.713763,9/11/2017,,
"ST. PETERSBURG 4.5 NW, FL US",27.80193,-82.69669,9/11/2017,,
"NEPTUNE BEACH 0.5 NNW, FL US",30.321562,-81.395639,9/11/2017,,
"PANAMA CITY BEACH 5.9 WNW, FL US",30.2535,-85.93693,9/11/2017,,
"MELBOURNE BEACH A1A, FL US",28.0547,-80.5512,9/11/2017,,
"PANAMA CITY BEACH 1.2 ESE, FL US",30.20175743,-85.83447266,9/11/2017,,
"SANDERSON 4.9 NNW, FL US",30.321161,-82.275681,9/11/2017,,
"LARGO 1.5 NE, FL US",27.921417,-82.760306,9/11/2017,,
"SEMINOLE 3.3 WNW, FL US",27.8618,-82.83478,9/11/2017,,
"GLEN ST. MARY 1.7 N, FL US",30.298508,-82.16236,9/11/2017,,
"BAY PINES 0.5 NW, FL US",27.82011,-82.781906,9/11/2017,,
"PALM HARBOR 1.0 S, FL US",28.07288,-82.76536,9/11/2017,,
"JACKSONVILLE 3.8 ESE, FL US",30.315674,-81.598511,9/11/2017,,
"MELBOURNE WEATHER FORECAST OFFICE, FL US",28.1136,-80.654,9/11/2017,,
"OASIS FLORIDA, FL US",25.85,-81.03,9/11/2017,,
"ST. PETERSBURG 4.6 N, FL US",27.82391167,-82.63576508,9/11/2017,,
"DAYTONA BEACH, FL US",29.1966,-81.0084,9/11/2017,,
"KEY WEST WEATHER FORECAST OFFICE, FL US",24.55338,-81.78807,9/11/2017,,
"PENSACOLA 7 NNE, FL US",30.5301,-87.19847,9/11/2017,,
"MIAMI NWSFO, FL US",25.7553,-80.3836,9/11/2017,,
"NAPLES 9.0 NE, FL US",26.24060631,-81.69763947,9/11/2017,,
"DUNEDIN 3.0 SE, FL US",28.011696,-82.776146,9/11/2017,,
"PALM BAY, FL US",27.91527,-80.64573,9/11/2017,,
"SAINT LEO, FL US",28.3378,-82.26,9/11/2017,,
"JACKSONVILLE 5.9 SW, FL US",30.276483,-81.730413,9/11/2017,,
"TITUSVILLE, FL US",28.6243,-80.817,9/11/2017,,
"MONTICELLO 10 SW, FL US",30.4405,-83.9858,9/11/2017,,
"DUNEDIN 2.8 ESE, FL US",28.034694,-82.764528,9/11/2017,,
"ST. PETERSBURG 2.4 NW, FL US",27.78407,-82.66891,9/11/2017,,
"GULFPORT 0.9 NNW, FL US",27.758823,-82.71644,9/11/2017,,
"ST. PETERSBURG 3.2 NNW, FL US",27.803252,-82.65457,9/11/2017,,
"CRAWFORDVILLE 4.7 SE, FL US",30.1413,-84.3209,9/11/2017,,
"BARTOW 7.8 SE, FL US",27.828452,-81.743273,9/11/2017,,
"DAYTONA BEACH INTERNATIONAL AIRPORT, FL US",29.17351,-81.07185,9/11/2017,19.91,38.9
"CROSS CITY AIRPORT, FL US",29.63333,-83.10528,9/11/2017,35.12,40.9
"APALACHICOLA AIRPORT, FL US",29.72681,-85.02481,9/11/2017,20.8,36.9
"FROSTPROOF 4.6 SW, FL US",27.70274,-81.58903,9/11/2017,,
"LAKELAND 6.9 SW, FL US",27.960836,-81.995608,9/11/2017,,
"LAKELAND 5.3 WNW, FL US",28.06498,-82.04227,9/11/2017,,
"MIAMI INTERNATIONAL AIRPORT, FL US",25.78805,-80.31694,9/11/2017,,23.9
"MELBOURNE INTERNATIONAL AIRPORT, FL US",28.09969,-80.6356,9/11/2017,,
"KEY WEST INTERNATIONAL AIRPORT, FL US",24.55706,-81.75539,9/11/2017,,17
"FORT MYERS PAGE FIELD AIRPORT, FL US",26.58495,-81.86146,9/11/2017,,25.9
"OLUSTEE FLORIDA, FL US",30.2,-82.4,9/11/2017,,
"MILES CITY FLORIDA, FL US",26.2483,-81.2967,9/11/2017,,
"WEST PALM BEACH INTERNATIONAL AIRPORT, FL US",26.6851,-80.09918,9/11/2017,17,40.9
"VERO BEACH INTERNATIONAL AIRPORT, FL US",27.6553,-80.41425,9/11/2017,8.5,32
"SUMATRA FLORIDA, FL US",30.0175,-84.9842,9/11/2017,,
"TAMPA INTERNATIONAL AIRPORT, FL US",27.96331,-82.54,9/11/2017,18.79,35.1
"ORLANDO EXECUTIVE AIRPORT, FL US",28.54653,-81.33544,9/11/2017,25.5,55.9
"ARCADIA 7.1 WSW, FL US",27.1752,-81.9644,9/11/2017,,
"AUBURNDALE 1.1 W, FL US",28.071828,-81.815935,9/11/2017,,
"PALM COAST 1.9 S, FL US",29.5439272,-81.2156825,9/11/2017,,
"PALM COAST 5.9 S, FL US",29.486515,-81.225692,9/11/2017,,
"JACKSONVILLE 10.6 NNW, FL US",30.483907,-81.701631,9/11/2017,,
"ST. MARKS EAST FLORIDA, FL US",30.1333,-84.1333,9/11/2017,,
"USHER TOWER, FL US",29.40807,-82.8188,9/11/2017,,
"PUNTA GORDA CHARLOTTE CO AIRPORT, FL US",26.91847,-81.99391,9/11/2017,19.24,42.9
"LAKE WALES 0.7 SE, FL US",27.89293,-81.58104,9/11/2017,,
"BABSON PARK 0.9 NW, FL US",27.84173,-81.53858,9/11/2017,,
"WHITING FIELD NAS, FL US",30.71667,-87.01667,9/11/2017,12.97,23.9
"CLERMONT 9 S, FL US",28.4558,-81.7234,9/11/2017,,
"POINCIANA PLACE 2.5 SSW, FL US",28.124194,-81.500476,9/11/2017,,
"LEESBURG MUNICIPAL AIRPORT, FL US",28.82143,-81.80963,9/11/2017,24.38,48.1
"GAINESVILLE REGIONAL AIRPORT, FL US",29.6917,-82.27603,9/11/2017,20.58,45
"ORLANDO INTERNATIONAL AIRPORT, FL US",28.41822,-81.32413,9/11/2017,25.28,59.1
"BUNNELL 1.0 ENE, FL US",29.472222,-81.243889,9/11/2017,,
"CRAWFORDVILLE 1.0 S, FL US",30.17982,-84.36779,9/11/2017,,
"PALM COAST 0.6 ESE, FL US",29.56626,-81.20536,9/11/2017,,
"JACKSONVILLE NAS, FL US",30.23333,-81.66667,9/11/2017,32.21,53
"PALM COAST 2.1 NNE, FL US",29.59963,-81.20458,9/11/2017,,
"LAKELAND 4.0 S, FL US",27.984767,-81.971033,9/11/2017,,
"HAINES CITY 6.0 ESE, FL US",28.0627,-81.54513889,9/11/2017,,
"FERNANDINA BEACH 6.3 SW, FL US",30.597876,-81.528411,9/11/2017,,
"MERRITT ISLAND FLORIDA, FL US",28.6408,-80.7308,9/11/2017,,
"HEDGES 0.3 ESE, FL US",30.597933,-81.594717,9/11/2017,,
"JACKSONVILLE 13.3 NNE, FL US",30.513225,-81.572494,9/11/2017,,
"WINTER HAVEN GILBERT AIRPORT, FL US",28.06137,-81.75684,9/11/2017,20.8,51
"JACKSONVILLE 9.6 SE, FL US",30.227373,-81.55649,9/11/2017,,
"ST PETERSBURG CLEARWATER INTERNATIONAL AIRPORT, FL US",27.91255,-82.68555,9/11/2017,20.8,53
"SARASOTA BRADENTON AIRPORT, FL US",27.40146,-82.55863,9/11/2017,22.37,44.1
"KEY WEST 1.3 ENE, FL US",24.5695,-81.7559,9/11/2017,,
"MIAMI KENDALL TAMIAMI EXEC AIRPORT, FL US",25.64226,-80.43467,9/11/2017,,
"FORT LAUDERDALE EXECUTIVE AIRPORT, FL US",26.19905,-80.17764,9/11/2017,13.2,19.9
"LAKELAND LINDER REGIONAL AIRPORT, FL US",28,-82.05,9/11/2017,21.25,36
"MIAMI OPA LOCKA AIRPORT, FL US",25.91017,-80.28283,9/11/2017,15.21,30
"FORT LAUDERDALE INTERNATIONAL AIRPORT, FL US",26.07875,-80.16223,9/11/2017,11.86,
"TALLAHASSEE REGIONAL AIRPORT, FL US",30.39354,-84.35136,9/11/2017,20.8,38
"JACKSONVILLE 12.0 SSE, FL US",30.175,-81.5705,9/11/2017,,
"LAKELAND HIGHLANDS 0.3 SE, FL US",27.957,-81.946,9/11/2017,,
"EAGLE LAKE 2.0 WNW, FL US",27.98551,-81.79022,9/11/2017,,
"JACKSONVILLE 4.2 NE, FL US",30.375792,-81.604721,9/11/2017,,
"JACKSONVILLE 7.8 SW, FL US",30.25855,-81.754783,9/11/2017,,
"FERNANDINA BEACH 0.4 ESE, FL US",30.655162,-81.443541,9/11/2017,,
"VENICE, FL US",27.1006,-82.4364,9/11/2017,,
"JACKSONVILLE 6.7 WSW, FL US",30.303307,-81.76355,9/11/2017,,
"HASTINGS 4 NE, FL US",29.7652,-81.4697,9/11/2017,,
"MARY ESTHER 0.6 E, FL US",30.4109,-86.6475,9/10/2017,,
"OAK HILL 2.8 WSW, FL US",28.860597,-80.871231,9/10/2017,,
"COCOA 2.6 WNW, FL US",28.3956,-80.7868,9/10/2017,,
"DE LAND 1.4 WSW, FL US",29.02638751,-81.31822754,9/10/2017,,
"NICEVILLE 3.4 ESE, FL US",30.512333,-86.4305,9/10/2017,,
"CRESTVIEW 1.9 SE, FL US",30.73,-86.555,9/10/2017,,
"PALM SHORES 4.3 NNW, FL US",28.2439,-80.6842,9/10/2017,,
"EDGEWATER 1.4 N, FL US",28.987335,-80.908189,9/10/2017,,
"LOXAHATCHEE NWR, FL US",26.4985,-80.216,9/10/2017,,
"INVERNESS 2.6 ENE, FL US",28.85823631,-82.30563354,9/10/2017,,
"SUN CITY CENTER 0.9 SSE, FL US",27.708626,-82.348262,9/10/2017,,
"MICCO 1.3 NW, FL US",27.886064,-80.528297,9/10/2017,,
"HERNANDO 1.6 N, FL US",28.92978,-82.37039,9/10/2017,,
"DAVIE 2.6 WSW, FL US",26.06451988,-80.3256073,9/10/2017,,
"MONTICELLO 2.9 WSW, FL US",30.5255,-83.91623,9/10/2017,,
"LA BELLE 4.5 NNW, FL US",26.820574,-81.4495,9/10/2017,,
"SHALIMAR 1.0 N, FL US",30.458585,-86.58152,9/10/2017,,
"ROCKLEDGE 1.1 WSW, FL US",28.312227,-80.745553,9/10/2017,,
"MELBOURNE BEACH 3.9 SSE, FL US",28.0165,-80.5332,9/10/2017,,
"NICEVILLE 4.5 SE, FL US",30.478358,-86.437174,9/10/2017,,
"CRYSTAL RIVER 4.7 ESE, FL US",28.870996,-82.527257,9/10/2017,,
"CRYSTAL RIVER 5.3 NNE, FL US",28.969336,-82.558675,9/10/2017,,
"MONTICELLO 4.3 ENE, FL US",30.55768776,-83.80156708,9/10/2017,,
"MONTICELLO 3.6 WSW, FL US",30.524216,-83.926974,9/10/2017,,
"PALM SHORES 2.9 NW, FL US",28.21185,-80.696076,9/10/2017,,
"LAMONT 7.7 SW, FL US",30.29251,-83.8973,9/10/2017,,
"DELAND 2.0 W, FL US",29.03740692,-81.32992554,9/10/2017,,
"WACISSA 1.1 SW, FL US",30.345,-83.99775,9/10/2017,,
"MUSE, FL US",26.826,-81.4915,9/10/2017,,
"LUTZ 0.6 WSW, FL US",28.134079,-82.471878,9/10/2017,,
"RIVERVIEW 0.9 ENE, FL US",27.87351227,-82.30288696,9/10/2017,,
"DE BARY 2.5 W, FL US",28.886192,-81.353375,9/10/2017,,
"PALM BAY 2.6 SSE, FL US",27.951176,-80.64202,9/10/2017,,
"PALM SHORES 1.4 W, FL US",28.18825,-80.680461,9/10/2017,,
"NICEVILLE 2.3 SE, FL US",30.504883,-86.45918,9/10/2017,,
"NICEVILLE 3.6 SE, FL US",30.49385,-86.439794,9/10/2017,,
"EGLIN AFB 5.6 NE, FL US",30.52436,-86.49238,9/10/2017,,
"RUSKIN 1.6 ESE, FL US",27.70357,-82.40661,9/10/2017,,
"MELBOURNE 1.1 N, FL US",28.1312,-80.6436,9/10/2017,,
"RIVERVIEW 4.9 S, FL US",27.79903,-82.316107,9/10/2017,,
"NAPLES MUNICIPAL AIRPORT, FL US",26.15498,-81.77514,9/10/2017,34,61.1
"FORT PIERCE ST LUCIE CO INTERNATIONAL AIRPORT, FL US",27.49816,-80.37626,9/10/2017,31.32,70.9
"FORT MYERS SW FLORIDA REGIONAL AIRPORT, FL US",26.53805,-81.75674,9/10/2017,35.34,74
"APOLLO BEACH 2.7 ENE, FL US",27.7822,-82.3645,9/10/2017,,
"ORMOND BEACH 3.5 SE, FL US",29.265,-81.0472,9/10/2017,,
"DE LAND 4.5 NW, FL US",29.087,-81.344,9/10/2017,,
"DE LAND 5.7 NW, FL US",29.09954,-81.356858,9/10/2017,,
"PALM BAY 4.9 S, FL US",27.914683,-80.652338,9/10/2017,,
"SHARPES 2.9 ENE, FL US",28.459774,-80.717905,9/10/2017,,
"MELBOURNE 4.6 NNW, FL US",28.1712,-80.6816,9/10/2017,,
"NAPLES, FL US",26.1653,-81.6843,9/10/2017,,
"MELBOURNE 4.7 N, FL US",28.1825,-80.6524,9/10/2017,,
"DUNDEE 0.3 E, FL US",28.0201576,-81.6158178,9/10/2017,,
"LA BELLE 2.3 WNW, FL US",26.763904,-81.474755,9/10/2017,,
"MERRITT ISLAND 3.6 N, FL US",28.36228095,-80.66576645,9/10/2017,,
"PALM BAY 2.7 SSE, FL US",27.950097,-80.642062,9/10/2017,,
"MERRITT ISLAND 3.8 N, FL US",28.365179,-80.66471,9/10/2017,,
"NETTLES ISLAND, FL US",27.28768,-80.22144,9/10/2017,,
"FORT LAUDERDALE 0.5 NNE, FL US",26.14957,-80.13616,9/10/2017,,
"WESTON 2.8 SE, FL US",26.07204,-80.3679,9/10/2017,,
"MIMS 1.6 SW, FL US",28.668625,-80.865034,9/10/2017,,
"ROCKLEDGE 1.8 NNE, FL US",28.3452,-80.7217,9/10/2017,,
"FERNANDINA BEACH, FL US",30.6669,-81.4525,9/10/2017,,
"MERRIT ISLAND 9.1 N, FL US",28.479253,-80.709267,9/10/2017,,
"NORTHWEST FLORIDA BEACHES INTERNATIONAL AIRPORT, FL US",30.34869,-85.78835,9/10/2017,19.46,33.1
"TITUSVILLE 3.5 NW, FL US",28.6282,-80.8572,9/10/2017,,
"PLANTATION 3.4 E, FL US",26.118211,-80.206628,9/10/2017,,
"GAINESVILLE 5.0 SSW, FL US",29.605565,-82.360065,9/10/2017,,
"GAINESVILLE 2.4 NW, FL US",29.699087,-82.363345,9/10/2017,,
"MICANOPY 0.3 SSW, FL US",29.501908,-82.283076,9/10/2017,,
"MICANOPY 2.1 WNW, FL US",29.51978,-82.312725,9/10/2017,,
"ALACHUA 5.2 NNW, FL US",29.85194588,-82.49993896,9/10/2017,,
"GAINESVILLE 7.7 W, FL US",29.657232,-82.463644,9/10/2017,,
"LAKE PLACID 2.6 SW, FL US",27.271367,-81.4005,9/10/2017,,
"LAKE PLACID 2.5 S, FL US",27.261353,-81.371539,9/10/2017,,
"ROYAL PALM RANGER STATION, FL US",25.3866,-80.5936,9/10/2017,,
"FORT LAUDERDALE, FL US",26.1019,-80.2011,9/10/2017,,
"GAINESVILLE 7.5 WSW, FL US",29.646704,-82.456255,9/10/2017,,
"GAINESVILLE 5.4 W, FL US",29.67778,-82.426389,9/10/2017,,
"BONIFAY TRI CO AIRPORT, FL US",30.84315,-85.60431,9/10/2017,14.32,25.1
"STUART, FL US",27.1897,-80.2397,9/10/2017,,
"GAINESVILLE 2.4 SW, FL US",29.64781761,-82.36181641,9/10/2017,,
"MICANOPY 2.1 NNE, FL US",29.5348,-82.2681,9/10/2017,,
"MARCO ISLAND, FL US",25.9491,-81.7138,9/10/2017,,
"OCALA 7.0 NW, FL US",29.25054,-82.22113,9/10/2017,,
"BELLEVIEW 3.3 SSW, FL US",29.018333,-82.080833,9/10/2017,,
"THE VILLAGES 3.7 NNW, FL US",28.980161,-82.023016,9/10/2017,,
"OCALA 11.2 SW, FL US",29.06742,-82.25607,9/10/2017,,
"SANFORD, FL US",28.8147,-81.2778,9/10/2017,,
"TALLAHASSEE 5.7 SE, FL US",30.393828,-84.220022,9/10/2017,,
"DEVILS GARDEN, FL US",26.66388,-81.08998,9/10/2017,,
"ORTONA LOCK 2, FL US",26.7897,-81.3044,9/10/2017,,
"OCALA, FL US",29.1638,-82.0777,9/10/2017,,
"WHITING FIELD NAS SOUTH, FL US",30.69729,-87.02073,9/10/2017,15.88,32
"CHOCTAW NAVAL OUTLYING FIELD MILTON, FL US",30.51195,-86.95406,9/10/2017,,
"OCALA 1.1 SE, FL US",29.177855,-82.116006,9/10/2017,,
"OCALA 4.6 N, FL US",29.254215,-82.126714,9/10/2017,,
"OCALA 10.7 WSW, FL US",29.111687,-82.284807,9/10/2017,,
"ELLENTON 6.6 E, FL US",27.54,-82.422,9/10/2017,,
"TALLAHASSEE 1.3 SW, FL US",30.446293,-84.29968,9/10/2017,,
"DESTIN FORT WALTON BEACH AIRPORT, FL US",30.39333,-86.46738,9/10/2017,14.54,23
"SANBORN FLORIDA, FL US",30.23,-84.68,9/10/2017,,
"MIDWAY 6.9 SW, FL US",30.420175,-84.54375,9/10/2017,,
"OCALA 9.8 SW, FL US",29.100556,-82.258611,9/10/2017,,
"MICANOPY 4.6 SSE, FL US",29.4453,-82.2492,9/10/2017,,
"WILMA FLORIDA, FL US",30.1694,-84.9344,9/10/2017,,
"INTERLACHEN 8.8 S, FL US",29.489807,-81.904317,9/10/2017,,
"BRADENTON 10.8 SE, FL US",27.430921,-82.415236,9/10/2017,,
"STARKE 0.9 ESE, FL US",29.942964,-82.097943,9/10/2017,,
"TALLAHASSEE 3.3 SSE, FL US",30.413989,-84.256817,9/10/2017,,
"TALLAHASSEE 3.5 N, FL US",30.508166,-84.283457,9/10/2017,,
"FORT LAUDERDALE 1.9 SSW, FL US",26.11786,-80.152112,9/10/2017,,
"BRADENTON, FL US",27.4467,-82.5014,9/10/2017,,
"TALLAHASSEE 3.1 NW, FL US",30.49349,-84.31074,9/10/2017,,
"OCALA 14.3 S, FL US",28.976,-82.1746,9/10/2017,,
"BRADENTON 3.5 WNW, FL US",27.50992,-82.62971,9/10/2017,,
"SARASOTA 6.4 NNE, FL US",27.423676,-82.492256,9/10/2017,,
"PALMETTO 6.4 ENE, FL US",27.562194,-82.483024,9/10/2017,,
"NICEVILLE, FL US",30.5316,-86.4928,9/10/2017,,
"TALLAHASSEE 14.2 NE, FL US",30.603299,-84.112587,9/10/2017,,
"FORT MYERS 0.8 N, FL US",26.64226151,-81.84883881,9/10/2017,,
"LOWER SUWANNEE FLORIDA, FL US",29.3731,-83.0344,9/10/2017,,
"MIRAMAR 3.0 WNW, FL US",25.9917,-80.3791,9/10/2017,,
"POMPANO BEACH HIGHLANDS 0.7 E, FL US",26.286,-80.103,9/10/2017,,
"THE VILLAGES 2.7 NNW, FL US",28.9744,-81.9986,9/10/2017,,
"TALLAHASSEE 10.8 N, FL US",30.611569,-84.256832,9/10/2017,,
"BELLEVIEW 4.8 E, FL US",29.0609,-81.9759,9/10/2017,,
"PIERSON 1.5 SW, FL US",29.22407,-81.47947,9/10/2017,,
"DE BARY 1.7 NE, FL US",28.9021,-81.2945,9/10/2017,,
"LAKE CITY 7.9 SSW, FL US",30.0812,-82.671,9/10/2017,,
"THE VILLAGES 2.6 NW, FL US",28.963717,-82.012148,9/10/2017,,
"PORT SALERNO 5 W, FL US",27.0997,-80.2627,9/10/2017,,
"TALLAHASSEE 5.2 E, FL US",30.442466,-84.194941,9/10/2017,,
"FORT WHITE 3.2 WNW, FL US",29.94478035,-82.76044464,9/10/2017,,
"TALLAHASSEE 10.2 NE, FL US",30.5486222,-84.14635,9/10/2017,,
"MIMS 8.5 W, FL US",28.69084,-80.98698,9/10/2017,,
"DESTIN 1.2 NW, FL US",30.40255,-86.490553,9/10/2017,,
"MICANOPY 3.6 SSW, FL US",29.457061,-82.299833,9/10/2017,,
"NICEVILLE 2.1 SE, FL US",30.509971,-86.458237,9/10/2017,,
"OCALA WEATHER SERVICE, FL US",29.08046,-82.173797,9/10/2017,,
"DAYTONA BEACH SHORES 1.8 SSE, FL US",29.149417,-80.969621,9/10/2017,,
"TALLAHASSEE 5.1 NE, FL US",30.50769234,-84.21977997,9/10/2017,,
"LADY LAKE 4.8 WNW, FL US",28.96094,-81.9979,9/10/2017,,
"EDGEWATER 0.1 SW, FL US",28.966198,-80.906013,9/10/2017,,
"HERNANDO 2.9 W, FL US",28.91421,-82.42147,9/10/2017,,
"DE LAND 1.3 WSW, FL US",29.025917,-81.31653,9/10/2017,,
"FORT MYERS 7.0 ESE, FL US",26.595002,-81.744495,9/10/2017,,
"PORT ORANGE 2.9 WSW, FL US",29.1,-81.05276,9/10/2017,,
"TALLAHASSEE 9.3 ESE, FL US",30.4129,-84.1335,9/10/2017,,
"HAMMOCKS 0.5 SSE, FL US",25.665,-80.4395,9/10/2017,,
"BELLEVIEW 6.0 SSE, FL US",28.977361,-82.024456,9/10/2017,,
"SPRING HILL 2.4 WSW, FL US",28.471471,-82.599183,9/10/2017,,
"MIRAMAR BEACH 9.5 ESE, FL US",30.34628,-86.204803,9/10/2017,,
"DE FUNIAK SPRINGS 12.5 NW, FL US",30.84455,-86.275704,9/10/2017,,
"DEFUNIAK SPRINGS 3.6 NW, FL US",30.761972,-86.157031,9/10/2017,,
"MIAMI LAKES 0.3 NNW, FL US",25.913604,-80.316509,9/10/2017,,
"CROSS CITY 1 E, FL US",29.6333,-83.1053,9/10/2017,,
"WEEKI WACHEE 7.1 NNE, FL US",28.61052,-82.5351,9/10/2017,,
"BROOKSVILLE 1.2 E, FL US",28.55534,-82.373572,9/10/2017,,
"CRESCENT CITY 2.0 N, FL US",29.466098,-81.520957,9/10/2017,,
"PANAMA CITY 5 N, FL US",30.2491,-85.6605,9/10/2017,,
"LUTZ 3.4 NE, FL US",28.171446,-82.422326,9/10/2017,,
"ZEPHYRHILLS 0.9 ENE, FL US",28.241976,-82.163851,9/10/2017,,
"NAVAL LIVE OAKS FLORIDA, FL US",30.3664,-87.1375,9/10/2017,,
"DADE CITY 1.8 WSW, FL US",28.352214,-82.222508,9/10/2017,,
"BISCAYNE PARK 0.3 E, FL US",25.881971,-80.176893,9/10/2017,,
"DELAND 1 SSE, FL US",29.00982,-81.29804,9/10/2017,,
"SOUTH MIAMI 0.5 N, FL US",25.715589,-80.296772,9/10/2017,,
"INLET BEACH 0.7 E, FL US",30.276034,-85.996513,9/10/2017,,
"MOUNTAIN LAKE, FL US",27.93779,-81.59928,9/10/2017,,
"HUDSON 1.1 ESE, FL US",28.350519,-82.683631,9/10/2017,,
"PORT RICHEY 2.0 NNE, FL US",28.3014,-82.7146,9/10/2017,,
"GAINESVILLE 3.8 W, FL US",29.680193,-82.398823,9/10/2017,,
"VERO BEACH 1.5 WSW, FL US",27.641405,-80.417429,9/10/2017,,
"PORT CHARLOTTE 6.2 W, FL US",26.980545,-82.209412,9/10/2017,,
"MICANOPY 8.5 W, FL US",29.5093,-82.4222,9/10/2017,,
"LADY LAKE 4.3 SSW, FL US",28.869917,-81.954389,9/10/2017,,
"HIGH SPRINGS 3.2 SW, FL US",29.786949,-82.627651,9/10/2017,,
"PENSACOLA 1.9 NE, FL US",30.466405,-87.171483,9/10/2017,,
"THE VILLAGES 4.8 SSW, FL US",28.868717,-81.984241,9/10/2017,,
"THE VILLAGES 2.7 NNW, FL US",28.9003,-81.973,9/10/2017,,
"JACKSONVILLE CRAIG MUNICIPAL AIRPORT, FL US",30.33708,-81.51277,9/10/2017,23.04,42.9
"PENSACOLA 18.9 WSW, FL US",30.312955,-87.467244,9/10/2017,,
"ZEPHYRHILLS NORTH 2.3 N, FL US",28.2839,-82.16144,9/10/2017,,
"VERO BEACH 2.4 W, FL US",27.643772,-80.433882,9/10/2017,,
"VERNON 10.6 WSW, FL US",30.567783,-85.87305,9/10/2017,,
"GAINESVILLE 8.1 SW, FL US",29.5908,-82.4314,9/10/2017,,
"CENTURY 12.1 W, FL US",30.96403,-87.46575,9/10/2017,,
"PENSACOLA 9.2 NW, FL US",30.52816,-87.30888,9/10/2017,,
"THE VILLAGES 2.8 ESE, FL US",28.903275,-81.965788,9/10/2017,,
"PENSACOLA 2.3 NE, FL US",30.47019,-87.16594,9/10/2017,,
"JUNO BEACH, FL US",26.86,-80.0552,9/10/2017,,
"OXFORD 1.2 ENE, FL US",28.93628508,-82.0210062,9/10/2017,,
"TARPON SPGS SEWAGE PLANT, FL US",28.15225,-82.7538,9/10/2017,,
"BUSHNELL 1.0 NNW, FL US",28.6785,-82.1205,9/10/2017,,
"DESOTO CITY, FL US",27.3697,-81.5136,9/10/2017,,
"CHEKIKA FLORIDA, FL US",25.625,-80.5797,9/10/2017,,
"VERO BEACH 5.3 W, FL US",27.640879,-80.480391,9/10/2017,,
"GAINESVILLE 6.5 NW, FL US",29.737964,-82.416213,9/10/2017,,
"LAKE PLACID 1.1 WSW, FL US",27.2877,-81.3853,9/10/2017,,
"GONZALEZ 2.5 NNW, FL US",30.60403,-87.31218,9/10/2017,,
"HOLIDAY 0.6 E, FL US",28.187464,-82.73213,9/10/2017,,
"LAND O LAKES 1.8 SE, FL US",28.20266,-82.43405,9/10/2017,,
"BUSHNELL 1 E, FL US",28.66641,-82.08947,9/10/2017,,
"DADE CITY 4.1 SSE, FL US",28.305428,-82.174041,9/10/2017,,
"SEBASTIAN 1.7 SSE, FL US",27.763426,-80.474196,9/10/2017,,
"VERO BEACH 3.4 W, FL US",27.642899,-80.44938,9/10/2017,,
"GAINESVILLE 1.7 SE, FL US",29.65547,-82.31708,9/10/2017,,
"MAYO, FL US",30.1063,-83.1819,9/10/2017,,
"VERO BEACH 3.5 SSW, FL US",27.59959,-80.416643,9/10/2017,,
"VERO BEACH 2.5 S, FL US",27.610172,-80.39295,9/10/2017,,
"VERO BEACH 6.0 SSE, FL US",27.5598,-80.388936,9/10/2017,,
"SYLVAN SHORES 8.5 NE, FL US",27.405027,-81.246061,9/10/2017,,
"SEBRING 4.7 WNW, FL US",27.515983,-81.525033,9/10/2017,,
"AVON PARK 0.6 NW, FL US",27.60047,-81.509323,9/10/2017,,
"GONZALEZ 2.1 E, FL US",30.568513,-87.254739,9/10/2017,,
"LADY LAKE 5.0 W, FL US",28.92495,-82.0119,9/10/2017,,
"LAND O LAKES 1.5 SSE, FL US",28.202699,-82.440046,9/10/2017,,
"ENGLEWOOD 2.5 WNW, FL US",26.973919,-82.39214,9/10/2017,,
"CAPE FLORIDA, FL US",25.6719,-80.1566,9/10/2017,,
"FLEMING ISLAND 1.7 SE, FL US",30.0785,-81.6956,9/10/2017,,
"KEYSTONE HEIGHTS 3.5 ENE, FL US",29.798056,-81.978811,9/10/2017,,
"KEYSTONE HEIGHTS 6.9 ENE, FL US",29.81717,-81.92745,9/10/2017,,
"KEYSTONE HEIGHTS 7.6 ENE, FL US",29.8362,-81.924675,9/10/2017,,
"CHIPLEY, FL US",30.7806,-85.5503,9/10/2017,,
"ARCADIA, FL US",27.21785,-81.8742,9/10/2017,,
"GREEN COVE SPRINGS 6.8 SSE, FL US",29.901897,-81.627703,9/10/2017,,
"ENGLEWOOD 2.0 NNW, FL US",26.986543,-82.365365,9/10/2017,,
"COCOA 4.6 NW, FL US",28.4247,-80.8018,9/10/2017,,
"MIMS 3.3 SW, FL US",28.64682,-80.88007,9/10/2017,,
"PENSACOLA 12.5 SW, FL US",30.3315,-87.353,9/10/2017,,
"PENSACOLA 7.0 NNW, FL US",30.534554,-87.244034,9/10/2017,,
"PALM BAY 3.2 S, FL US",27.939933,-80.669107,9/10/2017,,
"TITUSVILLE 0.9 SW, FL US",28.5808,-80.83114,9/10/2017,,
"LAKELAND 2, FL US",27.99437,-82.01378,9/10/2017,,
"NORTH PORT 1.6 ENE, FL US",27.061,-82.172,9/10/2017,,
"NORTH PORT 4.7 NNE, FL US",27.113171,-82.165734,9/10/2017,,
"SARASOTA 5.8 SE, FL US",27.261,-82.4885,9/10/2017,,
"COCOA 5.1 NW, FL US",28.42102,-80.81711,9/10/2017,,
"TITUSVILLE 5.9 NNW, FL US",28.6613616,-80.8699074,9/10/2017,,
"MERRITT ISLAND 5.6 NNW, FL US",28.382235,-80.706679,9/10/2017,,
"ENGLEWOOD 3.7 NNW, FL US",27.003679,-82.386879,9/10/2017,,
"PACE 2.4 N, FL US",30.633971,-87.15933,9/10/2017,,
"MIDDLEBURG 3.8 NW, FL US",30.086134,-81.949961,9/10/2017,,
"GREEN COVE SPRINGS 2.6 WNW, FL US",30.00567,-81.71777,9/10/2017,,
"PENNEY FARMS 0.1 E, FL US",29.980955,-81.810151,9/10/2017,,
"KISSIMMEE 2, FL US",28.2763,-81.424,9/10/2017,,
"NORTH PORT 2.6 E, FL US",27.054479,-82.152672,9/10/2017,,
"POMPANO BEACH AIRPARK, FL US",26.24636,-80.11105,9/10/2017,40.26,59.1
"ST PETERSBURG ALBERT WHITTED AIRPORT, FL US",27.76847,-82.62568,9/10/2017,35.34,53
"HOLLYWOOD NORTH PERRY AIRPORT, FL US",25.99956,-80.24119,9/10/2017,30.65,42.9
"KISSIMMEE PRAIRIE PRESERVE, FL US",27.6038,-81.053,9/10/2017,,
"ARCHBOLD BIO STATION, FL US",27.1819,-81.3508,9/10/2017,,
"BARTOW 1 SE, FL US",27.88608,-81.83251,9/10/2017,,
"LAKE WORTH 1.2 N, FL US",26.6362,-80.0558,9/10/2017,,
"NAVARRE 6.2 E, FL US",30.41475,-86.80899,9/10/2017,,
"KEYSTONE HEIGHTS 1.8 ESE, FL US",29.76677704,-82.00788116,9/10/2017,,
"INTERLACHEN 2.8 NNE, FL US",29.651678,-81.874637,9/10/2017,,
"SATSUMA 4.0 NE, FL US",29.5909,-81.6063,9/10/2017,,
"EAST PALATKA 3.5 NNW, FL US",29.696167,-81.626432,9/10/2017,,
"BROOKSVILLE 5.5 SE, FL US",28.508178,-82.319718,9/10/2017,,
"CRESCENT CITY 8.6 WSW, FL US",29.39962,-81.65219,9/10/2017,,
"FLORAHOME 4.1 NNE, FL US",29.783161,-81.848668,9/10/2017,,
"INTERLACHEN 1.3 SW, FL US",29.604582,-81.914339,9/10/2017,,
"ORANGE PARK 4.1 WSW, FL US",30.144849,-81.766778,9/10/2017,,
"HIGH POINT 0.2 E, FL US",28.547031,-82.523102,9/10/2017,,
"ABERDEEN 4.2 NNW, FL US",26.607032,-80.172049,9/10/2017,,
"SUNSET 2.4 SW, FL US",25.683459,-80.381546,9/10/2017,,
"HILLSBOROUGH RVR ST PARK, FL US",28.1469,-82.2276,9/10/2017,,
"SUN VALLEY 0.8 SW, FL US",26.518,-80.145,9/10/2017,,
"NAVARRE 2.1 WNW, FL US",30.408899,-86.897846,9/10/2017,,
"GULF BREEZE 7.2 ENE, FL US",30.39767647,-87.05970764,9/10/2017,,
"INTERLACHEN 10.4 NNE, FL US",29.75871,-81.83854,9/10/2017,,
"EVERGLADES CITY 5 NE, FL US",25.8996,-81.3183,9/10/2017,,
"SEBRING 23 SSE, FL US",27.1526,-81.3689,9/10/2017,,
"FLEMING ISLAND 2.2 S, FL US",30.06164,-81.71337,9/10/2017,,
"ORANGE PARK 2.5 WSW, FL US",30.15172,-81.742435,9/10/2017,,
"KEYSTONE HEIGHTS 10.0 NE, FL US",29.8641589,-81.8978604,9/10/2017,,
"ABERDEEN 3.7 WNW, FL US",26.575478,-80.202553,9/10/2017,,
"TITUSVILLE 7 E, FL US",28.6159,-80.6929,9/10/2017,,
"APOPKA 2.9 E, FL US",28.6848,-81.4659,9/10/2017,,
"ST. AUGUSTINE 12.2 WNW, FL US",29.944067,-81.5061,9/10/2017,,
"ROYAL PALM BEACH 5.0 W, FL US",26.714038,-80.30703,9/10/2017,,
"JACKSONVILLE INTERNATIONAL AIRPORT, FL US",30.49529,-81.69374,9/10/2017,24.16,40.9
"PAHOKEE 1.6 NE, FL US",26.8374,-80.6471,9/10/2017,,
"LANTANA 0.3 E, FL US",26.58380249,-80.05063148,9/10/2017,,
"WELLINGTON 0.7 SE, FL US",26.65101242,-80.24752045,9/10/2017,,
"CRESTVIEW FAA AP, FL US",30.77715,-86.51938,9/10/2017,11.63,23.9
"ORLANDO 7.4 WNW, FL US",28.57094955,-81.49594116,9/10/2017,,
"ORLANDO 4.9 N, FL US",28.57430077,-81.38513947,9/10/2017,,
"ORLANDO 4.8 NNW, FL US",28.57224846,-81.39583588,9/10/2017,,
"ORANGE 11.2 NE, FL US",28.587995,-81.106032,9/10/2017,,
"ST. AUGUSTINE 3.1 SSE, FL US",29.84995,-81.29036667,9/10/2017,,
"LISBON, FL US",28.8728,-81.7844,9/10/2017,,
"MARIANNA MUNICIPAL AIRPORT, FL US",30.83696,-85.18352,9/10/2017,18.12,29.1
"PENSACOLA REGIONAL AIRPORT, FL US",30.47612,-87.18575,9/10/2017,11.63,21
"UNION PARK 1.1 E, FL US",28.562445,-81.218461,9/10/2017,,
"MAYPORT PILOT STATION, FL US",30.4,-81.41667,9/10/2017,35.57,53.9
"WAUCHULA, FL US",27.5477,-81.7994,9/10/2017,,
"CITRUS PARK 1.3 ENE, FL US",28.08232,-82.549328,9/10/2017,,
"VALRICO 1.1 SE, FL US",27.929363,-82.228964,9/10/2017,,
"VALRICO 2.2 SE, FL US",27.9125,-82.2261,9/10/2017,,
"MOUNT PLYMOUTH 1 SSW, FL US",28.7991,-81.5373,9/10/2017,,
"UNION PARK 2.9 SSE, FL US",28.522274,-81.225459,9/10/2017,,
"ST. AUGUSTINE SOUTH 2.1 SSW, FL US",29.81285,-81.331895,9/10/2017,,
"TAMPA 5.1 S, FL US",27.885885,-82.489524,9/10/2017,,
"BOYNTON BEACH 1.3 WNW, FL US",26.535709,-80.09982,9/10/2017,,
"BOYNTON BEACH 6.2 WNW, FL US",26.55375,-80.176418,9/10/2017,,
"ABERDEEN 1.4 WNW, FL US",26.56134224,-80.16861725,9/10/2017,,
"BOCA RATON 2.1 ENE, FL US",26.38388,-80.07553,9/10/2017,,
"DELRAY BEACH 1.6 WSW, FL US",26.44198418,-80.11053467,9/10/2017,,
"DELRAY BEACH 1.9 SSE, FL US",26.42777443,-80.08089447,9/10/2017,,
"WEST PALM BEACH 6.0 WNW, FL US",26.780269,-80.216571,9/10/2017,,
"FRUITLAND PARK 0.8 NNW, FL US",28.8679,-81.9152,9/10/2017,,
"WINTER GARDEN 2.3 SSW, FL US",28.530339,-81.594792,9/10/2017,,
"BAY LAKE 4.1 WSW, FL US",28.356718,-81.633374,9/10/2017,,
"ALTOONA 5.3 NNE, FL US",29.039698,-81.627135,9/10/2017,,
"BUENA VENTURA LAKES 11.0 E, FL US",28.36613274,-81.17551422,9/10/2017,,
"ASTATULA 1.0 E, FL US",28.71091843,-81.71882629,9/10/2017,,
"UNION PARK 3.8 ESE, FL US",28.543139,-81.17853,9/10/2017,,
"OCOEE 1.4 N, FL US",28.592667,-81.5285,9/10/2017,,
"LADY LAKE 2.0 NNW, FL US",28.954757,-81.93905,9/10/2017,,
"ORLANDO 12.0 S, FL US",28.3645,-81.4146,9/10/2017,,
"PERRINE 4 W, FL US",25.5819,-80.4361,9/10/2017,,
"PERRY, FL US",30.09861,-83.57417,9/10/2017,,
"APOPKA 3.5 ESE, FL US",28.66696,-81.460861,9/10/2017,,
"CRESCENT CITY, FL US",29.425,-81.5161,9/10/2017,,
"LADY LAKE 5.5 S, FL US",28.849946,-81.944595,9/10/2017,,
"PORT ST. LUCIE 1.7 NNW, FL US",27.3029,-80.36172,9/10/2017,,
"LEESBURG 2.7 NW, FL US",28.836163,-81.913656,9/10/2017,,
"PALM CITY 4.0 SW, FL US",27.1222,-80.3169,9/10/2017,,
"FORT PIERCE 9.3 NNW, FL US",27.555353,-80.401967,9/10/2017,,
"PALM BEACH SHORES 1.4 N, FL US",26.79701,-80.034979,9/10/2017,,
"DELRAY BEACH 2.3 WSW, FL US",26.446739,-80.125586,9/10/2017,,
"PORT ST. LUCIE 4.1 SW, FL US",27.243937,-80.406642,9/10/2017,,
"GOLDEN LAKES 2.4 SSW, FL US",26.6674136,-80.1785257,9/10/2017,,
"VERO BEACH 4 SE, FL US",27.6527,-80.403,9/10/2017,,
"GOLFVIEW 0.9 SSW, FL US",26.67679,-80.11644,9/10/2017,,
"SOUTH BAY 15 S, FL US",26.47,-80.6402,9/10/2017,,
"SOUTH PASADENA 1.0 NE, FL US",27.763511,-82.73149,9/10/2017,,
"PORT ST. LUCIE 4.0 NE, FL US",27.323691,-80.311118,9/10/2017,,
"GROVELAND 1.7 E, FL US",28.565,-81.824,9/10/2017,,
"MOUNT PLYMOUTH 0.2 WSW, FL US",28.799,-81.535,9/10/2017,,
"FORT PIERCE 3.4 NNE, FL US",27.487398,-80.303462,9/10/2017,,
"TRADITION 5.6 W, FL US",27.268118,-80.445381,9/10/2017,,
"FORT PIERCE 2.8 SSE, FL US",27.386425,-80.328599,9/10/2017,,
"LARGO 2.2 ESE, FL US",27.896416,-82.74798,9/10/2017,,
"DUNNELLON 10.1 NW, FL US",29.15689,-82.561089,9/10/2017,,
"CHIEFLAND 8.5 ENE, FL US",29.503061,-82.722588,9/10/2017,,
"RIVERVIEW 2.1 W, FL US",27.8658,-82.3507,9/10/2017,,
"CLEARWATER 2.2 S, FL US",27.947971,-82.760507,9/10/2017,,
"LADY LAKE 2.5 SSW, FL US",28.892491,-81.9404069,9/10/2017,,
"CLERMONT 0.4 SW, FL US",28.547209,-81.762786,9/10/2017,,
"JENSEN BEACH 2.2 NW, FL US",27.2541,-80.260388,9/10/2017,,
"PORT ST. LUCIE 2.4 N, FL US",27.313837,-80.356329,9/10/2017,,
"PALM CITY 3.1 NW, FL US",27.19760513,-80.29985046,9/10/2017,,
"LIVE OAK 10.0 W, FL US",30.30671,-83.15325,9/10/2017,,
"CENTRAL FLORIDA, FL US",29.105,-81.63,9/10/2017,,
"LIVE OAK 0.4 NE, FL US",30.298514,-82.981809,9/10/2017,,
"RACCOON POINT FLORIDA, FL US",25.9708,-80.9,9/10/2017,,
"JUPITER 4.0 NNW, FL US",26.972911,-80.138203,9/10/2017,,
"PALM CITY 1.4 NW, FL US",27.175463,-80.284975,9/10/2017,,
"OKEECHOBEE 18.0 NNW, FL US",27.4681,-80.97531,9/10/2017,,
"OKEECHOBEE 27.1 NNW, FL US",27.58467,-81.04556,9/10/2017,,
"TRENTON 4.0 NW, FL US",29.656267,-82.862753,9/10/2017,,
"TEMPLE TERRACE 1.5 SE, FL US",28.025817,-82.367522,9/10/2017,,
"RIVERVIEW 4.4 SSW, FL US",27.810165,-82.339151,9/10/2017,,
"JACKSONVILLE BEACH, FL US",30.2875,-81.3927,9/10/2017,,
"RIVERVIEW 4.8 SSW, FL US",27.80473,-82.34099,9/10/2017,,
"OVIEDO 1.6 SE, FL US",28.638666,-81.165168,9/10/2017,,
"TAMPA 6.5 NNE, FL US",28.03011,-82.40623,9/10/2017,,
"PLANT CITY, FL US",28.02084,-82.13855,9/10/2017,,
"LUTZ 1.3 SSE, FL US",28.122804,-82.45308,9/10/2017,,
"EASTPOINT 1.4 NW, FL US",29.7627449,-84.88659668,9/10/2017,,
"ST. GEORGE ISLAND 2.2 ENE, FL US",29.658948,-84.880928,9/10/2017,,
"TAMPA BAY AREA WEATHER FORECAST OFFICE, FL US",27.70532,-82.40092,9/10/2017,,
"SANFORD 1.9 WNW, FL US",28.79711533,-81.30506134,9/10/2017,,
"OVIEDO 4.0 W, FL US",28.65935,-81.247411,9/10/2017,,
"BLOOMINGDALE 7.6 ESE, FL US",27.828269,-82.148655,9/10/2017,,
"CACHE FLORIDA, FL US",25.3903,-80.6803,9/10/2017,,
"LUTZ 2.0 E, FL US",28.135757,-82.430417,9/10/2017,,
"QUINCY 6.0 SW, FL US",30.524685,-84.658601,9/10/2017,,
"OAKLAND PARK 0.3 SE, FL US",26.170664,-80.150142,9/10/2017,,
"QUINCY 6.0 SW, FL US",30.529356,-84.662083,9/10/2017,,
"HAVANA 4.2 SW, FL US",30.582286,-84.467118,9/10/2017,,
"UNIVERSITY WEST 2.0 WNW, FL US",28.082426,-82.464012,9/10/2017,,
"QUINCY 7.5 SSW, FL US",30.481636,-84.618846,9/10/2017,,
"CHULUOTA 0.9 N, FL US",28.651958,-81.120867,9/10/2017,,
"JASPER, FL US",30.5228,-82.9447,9/10/2017,,
"APOLLO BEACH 3.0 ENE, FL US",27.784776,-82.361073,9/10/2017,,
"RUSKIN 1.8 ESE, FL US",27.705656,-82.400519,9/10/2017,,
"GREATER NORTHDALE 0.4 ENE, FL US",28.107081,-82.513162,9/10/2017,,
"SANFORD 0.4 ENE, FL US",28.790447,-81.270024,9/10/2017,,
"TALLAHASSEE AIRPORT, FL US",30.3961,-84.3555,9/10/2017,,
"PLANTATION 2.3 WNW, FL US",26.139089,-80.295318,9/10/2017,,
"HOLLYWOOD 3.9 SW, FL US",25.98663,-80.20419,9/10/2017,,
"LUTZ 2.2 SSE, FL US",28.11046,-82.446,9/10/2017,,
"ALFORD 0.6 SSE, FL US",30.6871579,-85.3929456,9/10/2017,,
"MARIANNA 3.9 E, FL US",30.773695,-85.174727,9/10/2017,,
"CHIEFLAND 2.4 WSW, FL US",29.46402223,-82.89752784,9/10/2017,,
"HOLLYWOOD 1.1 WNW, FL US",26.0377389,-80.179971,9/10/2017,,
"FORT PIERCE, FL US",27.4419,-80.3508,9/10/2017,,
"FORT PIERCE ARC, FL US",27.4272,-80.4053,9/10/2017,,
"TALLAHASSEE 4.8 ESE, FL US",30.4379406,-84.20410156,9/10/2017,,
"TALLAHASSEE 7.2 N, FL US",30.56025505,-84.27293396,9/10/2017,,
"TALLAHASSEE 6.2 E, FL US",30.45733,-84.17725,9/10/2017,,
"JACKSONVILLE 11.4 ESE, FL US",30.314391,-81.467561,9/10/2017,,
"JACKSONVILLE 10.0 WSW, FL US",30.30437,-81.82263,9/10/2017,,
"JACKSONVILLE 4.8 SW, FL US",30.294763,-81.723677,9/10/2017,,
"JACKSONVILLE 11.9 N, FL US",30.5042291,-81.6203865,9/10/2017,,
"TALLAHASSEE 9.7 SE, FL US",30.377475,-84.146335,9/10/2017,,
"BLOXHAM FLORIDA, FL US",30.5872,-84.9886,9/10/2017,,
"TALLAHASSEE 10.4 E, FL US",30.4755,-84.1079,9/10/2017,,
"TALLAHASSEE 10.4 SSE, FL US",30.3101,-84.240606,9/10/2017,,
"PANAMA CITY BEACH 0.3 SW, FL US",30.206798,-85.855352,9/10/2017,,
"JACKSONVILLE 10.3 SW, FL US",30.235,-81.78694444,9/10/2017,,
"CANAL POINT USDA, FL US",26.8639,-80.6256,9/10/2017,,
"JACKSONVILLE 12.0 SSE, FL US",30.17049,-81.581833,9/10/2017,,
"LYNN HAVEN 1.6 SSE, FL US",30.2209,-85.64312,9/10/2017,,
"PANAMA CITY 6.9 ESE, FL US",30.13825,-85.56562,9/10/2017,,
"FOUNTAIN 3.4 SSE, FL US",30.432762,-85.39918,9/10/2017,,
"SEMINOLE 3.2 WNW, FL US",27.8622,-82.8329,9/10/2017,,
"PALM HARBOR 2.4 SE, FL US",28.063284,-82.735941,9/10/2017,,
"OCHOPEE FLORIDA, FL US",25.9167,-81.2833,9/10/2017,,
"BUCKINGHAM 1.7 SE, FL US",26.658553,-81.713763,9/10/2017,,
"ST. PETERSBURG 4.5 NW, FL US",27.80193,-82.69669,9/10/2017,,
"NEPTUNE BEACH 0.5 NNW, FL US",30.321562,-81.395639,9/10/2017,,
"PANAMA CITY BEACH 5.9 WNW, FL US",30.2535,-85.93693,9/10/2017,,
"MELBOURNE BEACH A1A, FL US",28.0547,-80.5512,9/10/2017,,
"PANAMA CITY BEACH 1.2 ESE, FL US",30.20175743,-85.83447266,9/10/2017,,
"SANDERSON 4.9 NNW, FL US",30.321161,-82.275681,9/10/2017,,
"LARGO 1.5 NE, FL US",27.921417,-82.760306,9/10/2017,,
"SEMINOLE 3.3 WNW, FL US",27.8618,-82.83478,9/10/2017,,
"GLEN ST. MARY 1.7 N, FL US",30.298508,-82.16236,9/10/2017,,
"BAY PINES 0.5 NW, FL US",27.82011,-82.781906,9/10/2017,,
"GLEN ST. MARY 4.4 SW, FL US",30.237,-82.2189,9/10/2017,,
"ST. PETERSBURG 2.2 N, FL US",27.789892,-82.643677,9/10/2017,,
"PALM HARBOR 1.0 S, FL US",28.07288,-82.76536,9/10/2017,,
"JACKSONVILLE 7.3 SW, FL US",30.260754,-81.744432,9/10/2017,,
"JACKSONVILLE 3.8 ESE, FL US",30.315674,-81.598511,9/10/2017,,
"MELBOURNE WEATHER FORECAST OFFICE, FL US",28.1136,-80.654,9/10/2017,,
"OASIS FLORIDA, FL US",25.85,-81.03,9/10/2017,,
"ST. PETERSBURG 4.6 N, FL US",27.82391167,-82.63576508,9/10/2017,,
"DAYTONA BEACH, FL US",29.1966,-81.0084,9/10/2017,,
"KEY WEST WEATHER FORECAST OFFICE, FL US",24.55338,-81.78807,9/10/2017,,
"PENSACOLA 7 NNE, FL US",30.5301,-87.19847,9/10/2017,,
"MIAMI NWSFO, FL US",25.7553,-80.3836,9/10/2017,,
"NAPLES 9.0 NE, FL US",26.24060631,-81.69763947,9/10/2017,,
"DUNEDIN 3.0 SE, FL US",28.011696,-82.776146,9/10/2017,,
"PALM BAY, FL US",27.91527,-80.64573,9/10/2017,,
"SAINT LEO, FL US",28.3378,-82.26,9/10/2017,,
"JACKSONVILLE 5.9 SW, FL US",30.276483,-81.730413,9/10/2017,,
"TITUSVILLE, FL US",28.6243,-80.817,9/10/2017,,
"MONTICELLO 10 SW, FL US",30.4405,-83.9858,9/10/2017,,
"DUNEDIN 2.8 ESE, FL US",28.034694,-82.764528,9/10/2017,,
"ST. PETERSBURG 2.4 NW, FL US",27.78407,-82.66891,9/10/2017,,
"GULFPORT 0.9 NNW, FL US",27.758823,-82.71644,9/10/2017,,
"ST. PETERSBURG 3.2 NNW, FL US",27.803252,-82.65457,9/10/2017,,
"CRAWFORDVILLE 4.7 SE, FL US",30.1413,-84.3209,9/10/2017,,
"BARTOW 7.8 SE, FL US",27.828452,-81.743273,9/10/2017,,
"LAKE WALES 4.6 NW, FL US",27.96,-81.66,9/10/2017,,
"DAYTONA BEACH INTERNATIONAL AIRPORT, FL US",29.17351,-81.07185,9/10/2017,24.61,53.9
"LAKELAND 8.7 SW, FL US",27.952372,-82.042413,9/10/2017,,
"CROSS CITY AIRPORT, FL US",29.63333,-83.10528,9/10/2017,19.91,31.1
"APALACHICOLA AIRPORT, FL US",29.72681,-85.02481,9/10/2017,19.01,32
"FROSTPROOF 4.6 SW, FL US",27.70274,-81.58903,9/10/2017,,
"LAKELAND 6.9 SW, FL US",27.960836,-81.995608,9/10/2017,,
"LAKELAND 5.3 WNW, FL US",28.06498,-82.04227,9/10/2017,,
"MIAMI INTERNATIONAL AIRPORT, FL US",25.78805,-80.31694,9/10/2017,38.48,53
"MELBOURNE INTERNATIONAL AIRPORT, FL US",28.09969,-80.6356,9/10/2017,,
"KEY WEST INTERNATIONAL AIRPORT, FL US",24.55706,-81.75539,9/10/2017,,59.9
"FORT MYERS PAGE FIELD AIRPORT, FL US",26.58495,-81.86146,9/10/2017,,66
"OLUSTEE FLORIDA, FL US",30.2,-82.4,9/10/2017,,
"MILES CITY FLORIDA, FL US",26.2483,-81.2967,9/10/2017,,
"WEST PALM BEACH INTERNATIONAL AIRPORT, FL US",26.6851,-80.09918,9/10/2017,38.92,66
"VERO BEACH INTERNATIONAL AIRPORT, FL US",27.6553,-80.41425,9/10/2017,21.92,21.9
"SUMATRA FLORIDA, FL US",30.0175,-84.9842,9/10/2017,,
"TAMPA INTERNATIONAL AIRPORT, FL US",27.96331,-82.54,9/10/2017,20.36,52.1
"ORLANDO EXECUTIVE AIRPORT, FL US",28.54653,-81.33544,9/10/2017,21.92,53
"LAKE WALES 5.8 NNE, FL US",27.973,-81.539,9/10/2017,,
"ARCADIA 7.1 WSW, FL US",27.1752,-81.9644,9/10/2017,,
"AUBURNDALE 1.1 W, FL US",28.071828,-81.815935,9/10/2017,,
"PALM COAST 1.9 S, FL US",29.5439272,-81.2156825,9/10/2017,,
"PALM COAST 5.9 S, FL US",29.486515,-81.225692,9/10/2017,,
"ST. MARKS EAST FLORIDA, FL US",30.1333,-84.1333,9/10/2017,,
"PUNTA GORDA CHARLOTTE CO AIRPORT, FL US",26.91847,-81.99391,9/10/2017,31.54,55.9
"LAKE WALES 0.7 SE, FL US",27.89293,-81.58104,9/10/2017,,
"BABSON PARK 0.9 NW, FL US",27.84173,-81.53858,9/10/2017,,
"WHITING FIELD NAS, FL US",30.71667,-87.01667,9/10/2017,9.62,23.9
"CLERMONT 9 S, FL US",28.4558,-81.7234,9/10/2017,,
"POINCIANA PLACE 2.5 SSW, FL US",28.124194,-81.500476,9/10/2017,,
"LEESBURG MUNICIPAL AIRPORT, FL US",28.82143,-81.80963,9/10/2017,19.24,46.1
"BROOKSVILLE HERNANDO CO AIRPORT, FL US",28.47388,-82.45374,9/10/2017,20.8,42.9
"GAINESVILLE REGIONAL AIRPORT, FL US",29.6917,-82.27603,9/10/2017,17.9,36
"ORLANDO INTERNATIONAL AIRPORT, FL US",28.41822,-81.32413,9/10/2017,22.82,57.9
"BUNNELL 1.0 ENE, FL US",29.472222,-81.243889,9/10/2017,,
"CRAWFORDVILLE 1.0 S, FL US",30.17982,-84.36779,9/10/2017,,
"PALM COAST 0.6 ESE, FL US",29.56626,-81.20536,9/10/2017,,
"JACKSONVILLE NAS, FL US",30.23333,-81.66667,9/10/2017,27.51,42.9
"PALM COAST 2.1 NNE, FL US",29.59963,-81.20458,9/10/2017,,
"BUNNELL 7.7 W, FL US",29.4591713,-81.38589478,9/10/2017,,
"HAINES CITY 6.0 ESE, FL US",28.0627,-81.54513889,9/10/2017,,
"FERNANDINA BEACH 6.3 SW, FL US",30.597876,-81.528411,9/10/2017,,
"MERRITT ISLAND FLORIDA, FL US",28.6408,-80.7308,9/10/2017,,
"FERNANDINA BEACH 0.6 S, FL US",30.648933,-81.448349,9/10/2017,,
"WINTER HAVEN GILBERT AIRPORT, FL US",28.06137,-81.75684,9/10/2017,25.95,55
"JACKSONVILLE 9.6 SE, FL US",30.227373,-81.55649,9/10/2017,,
"ST PETERSBURG CLEARWATER INTERNATIONAL AIRPORT, FL US",27.91255,-82.68555,9/10/2017,25.5,49
"SARASOTA BRADENTON AIRPORT, FL US",27.40146,-82.55863,9/10/2017,26.4,49
"KEY WEST 1.3 ENE, FL US",24.5695,-81.7559,9/10/2017,,
"MIAMI KENDALL TAMIAMI EXEC AIRPORT, FL US",25.64226,-80.43467,9/10/2017,37.13,46.1
"FORT LAUDERDALE EXECUTIVE AIRPORT, FL US",26.19905,-80.17764,9/10/2017,37.13,53
"LAKELAND LINDER REGIONAL AIRPORT, FL US",28,-82.05,9/10/2017,21.92,51
"MIAMI OPA LOCKA AIRPORT, FL US",25.91017,-80.28283,9/10/2017,40.71,55
"FORT LAUDERDALE INTERNATIONAL AIRPORT, FL US",26.07875,-80.16223,9/10/2017,,
"TALLAHASSEE REGIONAL AIRPORT, FL US",30.39354,-84.35136,9/10/2017,15.66,25.9
"JACKSONVILLE 8.9 ENE, FL US",30.3848,-81.521,9/10/2017,,
"JACKSONVILLE 12.0 SSE, FL US",30.175,-81.5705,9/10/2017,,
"LAKELAND HIGHLANDS 0.3 SE, FL US",27.957,-81.946,9/10/2017,,
"EAGLE LAKE 2.0 WNW, FL US",27.98551,-81.79022,9/10/2017,,
"JACKSONVILLE 4.2 NE, FL US",30.375792,-81.604721,9/10/2017,,
"BELL 4 NW, FL US",29.79556,-82.91778,9/10/2017,,
"JACKSONVILLE 7.8 SW, FL US",30.25855,-81.754783,9/10/2017,,
"FERNANDINA BEACH 0.4 ESE, FL US",30.655162,-81.443541,9/10/2017,,
"AUBURNDALE 1.7 NW, FL US",28.090015,-81.81575,9/10/2017,,
"VENICE, FL US",27.1006,-82.4364,9/10/2017,,
"JACKSONVILLE 4.2 ESE, FL US",30.30164909,-81.59905243,9/10/2017,,
"JACKSONVILLE 6.7 WSW, FL US",30.303307,-81.76355,9/10/2017,,
"HASTINGS 4 NE, FL US",29.7652,-81.4697,9/10/2017,,
"MARY ESTHER 0.6 E, FL US",30.4109,-86.6475,9/9/2017,,
"OAK HILL 2.8 WSW, FL US",28.860597,-80.871231,9/9/2017,,
"COCOA 2.6 WNW, FL US",28.3956,-80.7868,9/9/2017,,
"DE LAND 1.4 WSW, FL US",29.02638751,-81.31822754,9/9/2017,,
"NICEVILLE 3.4 ESE, FL US",30.512333,-86.4305,9/9/2017,,
"CRESTVIEW 1.9 SE, FL US",30.73,-86.555,9/9/2017,,
"PALM SHORES 4.3 NNW, FL US",28.2439,-80.6842,9/9/2017,,
"EDGEWATER 1.4 N, FL US",28.987335,-80.908189,9/9/2017,,
"LOXAHATCHEE NWR, FL US",26.4985,-80.216,9/9/2017,,
"INVERNESS 2.6 ENE, FL US",28.85823631,-82.30563354,9/9/2017,,
"SUN CITY CENTER 0.9 SSE, FL US",27.708626,-82.348262,9/9/2017,,
"MICCO 1.3 NW, FL US",27.886064,-80.528297,9/9/2017,,
"HERNANDO 1.6 N, FL US",28.92978,-82.37039,9/9/2017,,
"DAVIE 2.6 WSW, FL US",26.06451988,-80.3256073,9/9/2017,,
"MONTICELLO 2.9 WSW, FL US",30.5255,-83.91623,9/9/2017,,
"LA BELLE 4.5 NNW, FL US",26.820574,-81.4495,9/9/2017,,
"SHALIMAR 1.0 N, FL US",30.458585,-86.58152,9/9/2017,,
"ROCKLEDGE 1.1 WSW, FL US",28.312227,-80.745553,9/9/2017,,
"MELBOURNE BEACH 3.9 SSE, FL US",28.0165,-80.5332,9/9/2017,,
"NEW SMYRNA BEACH 2.3 N, FL US",29.0662,-80.915,9/9/2017,,
"CRYSTAL RIVER 4.7 ESE, FL US",28.870996,-82.527257,9/9/2017,,
"CRYSTAL RIVER 5.3 NNE, FL US",28.969336,-82.558675,9/9/2017,,
"MONTICELLO 4.3 ENE, FL US",30.55768776,-83.80156708,9/9/2017,,
"MONTICELLO 3.6 WSW, FL US",30.524216,-83.926974,9/9/2017,,
"PALM SHORES 2.9 NW, FL US",28.21185,-80.696076,9/9/2017,,
"LAMONT 7.7 SW, FL US",30.29251,-83.8973,9/9/2017,,
"DELAND 2.0 W, FL US",29.03740692,-81.32992554,9/9/2017,,
"TAMPA 4.8 SW, FL US",27.8902,-82.4907,9/9/2017,,
"WACISSA 1.1 SW, FL US",30.345,-83.99775,9/9/2017,,
"MUSE, FL US",26.826,-81.4915,9/9/2017,,
"LUTZ 0.6 WSW, FL US",28.134079,-82.471878,9/9/2017,,
"RIVERVIEW 0.9 ENE, FL US",27.87351227,-82.30288696,9/9/2017,,
"COOPER CITY 1.3 WSW, FL US",26.03460503,-80.30696869,9/9/2017,,
"DE BARY 2.5 W, FL US",28.886192,-81.353375,9/9/2017,,
"PALM BAY 2.6 SSE, FL US",27.951176,-80.64202,9/9/2017,,
"PALM SHORES 1.4 W, FL US",28.18825,-80.680461,9/9/2017,,
"NICEVILLE 2.3 SE, FL US",30.504883,-86.45918,9/9/2017,,
"NICEVILLE 3.6 SE, FL US",30.49385,-86.439794,9/9/2017,,
"EGLIN AFB 5.6 NE, FL US",30.52436,-86.49238,9/9/2017,,
"PALM BAY 3.1 NNW, FL US",28.023488,-80.688135,9/9/2017,,
"MELBOURNE 1.1 N, FL US",28.1312,-80.6436,9/9/2017,,
"RIVERVIEW 4.9 S, FL US",27.79903,-82.316107,9/9/2017,,
"NAPLES MUNICIPAL AIRPORT, FL US",26.15498,-81.77514,9/9/2017,15.21,31.1
"MARATHON AIRPORT, FL US",24.72624,-81.0477,9/9/2017,32.21,53.9
"FORT PIERCE ST LUCIE CO INTERNATIONAL AIRPORT, FL US",27.49816,-80.37626,9/9/2017,10.74,31.1
"FORT MYERS SW FLORIDA REGIONAL AIRPORT, FL US",26.53805,-81.75674,9/9/2017,16.33,31.1
"APOLLO BEACH 2.7 ENE, FL US",27.7822,-82.3645,9/9/2017,,
"ORMOND BEACH 3.5 SE, FL US",29.265,-81.0472,9/9/2017,,
"DE LAND 4.5 NW, FL US",29.087,-81.344,9/9/2017,,
"DE LAND 5.7 NW, FL US",29.09954,-81.356858,9/9/2017,,
"PALM BAY 4.9 S, FL US",27.914683,-80.652338,9/9/2017,,
"MELBOURNE 4.6 NNW, FL US",28.1712,-80.6816,9/9/2017,,
"NAPLES, FL US",26.1653,-81.6843,9/9/2017,,
"MELBOURNE 4.7 N, FL US",28.1825,-80.6524,9/9/2017,,
"DUNDEE 0.3 E, FL US",28.0201576,-81.6158178,9/9/2017,,
"LA BELLE 2.3 WNW, FL US",26.763904,-81.474755,9/9/2017,,
"PALM BAY 2.7 SSE, FL US",27.950097,-80.642062,9/9/2017,,
"MERRITT ISLAND 3.8 N, FL US",28.365179,-80.66471,9/9/2017,,
"MELBOURNE 4.1 S, FL US",28.05618,-80.62987,9/9/2017,,
"NETTLES ISLAND, FL US",27.28768,-80.22144,9/9/2017,,
"INDIALANTIC 3.3 NNW, FL US",28.132907,-80.585547,9/9/2017,,
"FORT LAUDERDALE 0.5 NNE, FL US",26.14957,-80.13616,9/9/2017,,
"WESTON 2.8 SE, FL US",26.07204,-80.3679,9/9/2017,,
"PLANTATION 1.9 SE, FL US",26.106931,-80.23944,9/9/2017,,
"MIMS 1.6 SW, FL US",28.668625,-80.865034,9/9/2017,,
"ROCKLEDGE 1.8 NNE, FL US",28.3452,-80.7217,9/9/2017,,
"MELBOURNE 3.2 NW, FL US",28.147706,-80.677929,9/9/2017,,
"TAMARAC 2.2 W, FL US",26.210471,-80.292299,9/9/2017,,
"MERRIT ISLAND 9.1 N, FL US",28.479253,-80.709267,9/9/2017,,
"NORTHWEST FLORIDA BEACHES INTERNATIONAL AIRPORT, FL US",30.34869,-85.78835,9/9/2017,12.3,23
"TITUSVILLE 3.5 NW, FL US",28.6282,-80.8572,9/9/2017,,
"PLANTATION 3.4 E, FL US",26.118211,-80.206628,9/9/2017,,
"GAINESVILLE 2.4 NW, FL US",29.699087,-82.363345,9/9/2017,,
"MICANOPY 0.3 SSW, FL US",29.501908,-82.283076,9/9/2017,,
"MICANOPY 2.1 WNW, FL US",29.51978,-82.312725,9/9/2017,,
"NAPLES 5.7 SE, FL US",26.097565,-81.722053,9/9/2017,,
"ALACHUA 5.2 NNW, FL US",29.85194588,-82.49993896,9/9/2017,,
"GAINESVILLE 7.7 W, FL US",29.657232,-82.463644,9/9/2017,,
"LAKE PLACID 2.6 SW, FL US",27.271367,-81.4005,9/9/2017,,
"LAKE PLACID 2.5 S, FL US",27.261353,-81.371539,9/9/2017,,
"ROYAL PALM RANGER STATION, FL US",25.3866,-80.5936,9/9/2017,,
"FORT LAUDERDALE, FL US",26.1019,-80.2011,9/9/2017,,
"GAINESVILLE 7.5 WSW, FL US",29.646704,-82.456255,9/9/2017,,
"GAINESVILLE 5.4 W, FL US",29.67778,-82.426389,9/9/2017,,
"SEBRING 2.8 WNW, FL US",27.49949074,-81.49796295,9/9/2017,,
"BONIFAY TRI CO AIRPORT, FL US",30.84315,-85.60431,9/9/2017,8.95,18.1
"STUART, FL US",27.1897,-80.2397,9/9/2017,,
"GAINESVILLE 2.4 SW, FL US",29.64781761,-82.36181641,9/9/2017,,
"MICANOPY 2.1 NNE, FL US",29.5348,-82.2681,9/9/2017,,
"MARCO ISLAND, FL US",25.9491,-81.7138,9/9/2017,,
"OCALA 7.0 NW, FL US",29.25054,-82.22113,9/9/2017,,
"BELLEVIEW 3.3 SSW, FL US",29.018333,-82.080833,9/9/2017,,
"THE VILLAGES 3.7 NNW, FL US",28.980161,-82.023016,9/9/2017,,
"OCALA 11.2 SW, FL US",29.06742,-82.25607,9/9/2017,,
"SANFORD, FL US",28.8147,-81.2778,9/9/2017,,
"TALLAHASSEE 5.7 SE, FL US",30.393828,-84.220022,9/9/2017,,
"DEVILS GARDEN, FL US",26.66388,-81.08998,9/9/2017,,
"ORTONA LOCK 2, FL US",26.7897,-81.3044,9/9/2017,,
"OCALA, FL US",29.1638,-82.0777,9/9/2017,,
"WHITING FIELD NAS SOUTH, FL US",30.69729,-87.02073,9/9/2017,11.41,23
"CHOCTAW NAVAL OUTLYING FIELD MILTON, FL US",30.51195,-86.95406,9/9/2017,,
"OCALA 1.1 SE, FL US",29.177855,-82.116006,9/9/2017,,
"OCALA 4.6 N, FL US",29.254215,-82.126714,9/9/2017,,
"OCALA 10.7 WSW, FL US",29.111687,-82.284807,9/9/2017,,
"ELLENTON 6.6 E, FL US",27.54,-82.422,9/9/2017,,
"TALLAHASSEE 1.3 SW, FL US",30.446293,-84.29968,9/9/2017,,
"DESTIN FORT WALTON BEACH AIRPORT, FL US",30.39333,-86.46738,9/9/2017,10.07,16.1
"SANBORN FLORIDA, FL US",30.23,-84.68,9/9/2017,,
"MIDWAY 6.9 SW, FL US",30.420175,-84.54375,9/9/2017,,
"OCALA 9.8 SW, FL US",29.100556,-82.258611,9/9/2017,,
"MICANOPY 4.6 SSE, FL US",29.4453,-82.2492,9/9/2017,,
"WILMA FLORIDA, FL US",30.1694,-84.9344,9/9/2017,,
"INTERLACHEN 8.8 S, FL US",29.489807,-81.904317,9/9/2017,,
"BRADENTON 10.8 SE, FL US",27.430921,-82.415236,9/9/2017,,
"HOLLYWOOD, FL US",26.0281,-80.1341,9/9/2017,,
"STARKE 0.9 ESE, FL US",29.942964,-82.097943,9/9/2017,,
"TALLAHASSEE 3.3 SSE, FL US",30.413989,-84.256817,9/9/2017,,
"TALLAHASSEE 3.5 N, FL US",30.508166,-84.283457,9/9/2017,,
"FORT LAUDERDALE 1.9 SSW, FL US",26.11786,-80.152112,9/9/2017,,
"BRADENTON, FL US",27.4467,-82.5014,9/9/2017,,
"TALLAHASSEE 3.1 NW, FL US",30.49349,-84.31074,9/9/2017,,
"OCALA 14.3 S, FL US",28.976,-82.1746,9/9/2017,,
"SARASOTA 6.4 NNE, FL US",27.423676,-82.492256,9/9/2017,,
"PALMETTO 6.4 ENE, FL US",27.562194,-82.483024,9/9/2017,,
"NICEVILLE, FL US",30.5316,-86.4928,9/9/2017,,
"FORT MYERS 4.5 SE, FL US",26.582677,-81.802369,9/9/2017,,
"TALLAHASSEE 14.2 NE, FL US",30.603299,-84.112587,9/9/2017,,
"FORT MYERS 0.8 N, FL US",26.64226151,-81.84883881,9/9/2017,,
"LOWER SUWANNEE FLORIDA, FL US",29.3731,-83.0344,9/9/2017,,
"MIRAMAR 3.0 WNW, FL US",25.9917,-80.3791,9/9/2017,,
"POMPANO BEACH HIGHLANDS 0.7 E, FL US",26.286,-80.103,9/9/2017,,
"THE VILLAGES 2.7 NNW, FL US",28.9744,-81.9986,9/9/2017,,
"TALLAHASSEE 10.8 N, FL US",30.611569,-84.256832,9/9/2017,,
"BELLEVIEW 4.8 E, FL US",29.0609,-81.9759,9/9/2017,,
"PIERSON 1.5 SW, FL US",29.22407,-81.47947,9/9/2017,,
"WHITE SPRINGS 1.0 SSE, FL US",30.3178,-82.7543,9/9/2017,,
"LAKE CITY 7.9 SSW, FL US",30.0812,-82.671,9/9/2017,,
"THE VILLAGES 2.6 NW, FL US",28.963717,-82.012148,9/9/2017,,
"PORT SALERNO 5 W, FL US",27.0997,-80.2627,9/9/2017,,
"TALLAHASSEE 5.2 E, FL US",30.442466,-84.194941,9/9/2017,,
"FORT WHITE 3.2 WNW, FL US",29.94478035,-82.76044464,9/9/2017,,
"TALLAHASSEE 10.2 NE, FL US",30.5486222,-84.14635,9/9/2017,,
"MIMS 8.5 W, FL US",28.69084,-80.98698,9/9/2017,,
"CAPE CORAL 2.9 N, FL US",26.678935,-81.996131,9/9/2017,,
"DESTIN 1.2 NW, FL US",30.40255,-86.490553,9/9/2017,,
"WHISKEY CREEK 0.3 ENE, FL US",26.573158,-81.886362,9/9/2017,,
"MICANOPY 3.6 SSW, FL US",29.457061,-82.299833,9/9/2017,,
"NICEVILLE 2.1 SE, FL US",30.509971,-86.458237,9/9/2017,,
"OCALA WEATHER SERVICE, FL US",29.08046,-82.173797,9/9/2017,,
"DAYTONA BEACH SHORES 1.8 SSE, FL US",29.149417,-80.969621,9/9/2017,,
"LADY LAKE 4.8 WNW, FL US",28.96094,-81.9979,9/9/2017,,
"EDGEWATER 0.1 SW, FL US",28.966198,-80.906013,9/9/2017,,
"HERNANDO 2.9 W, FL US",28.91421,-82.42147,9/9/2017,,
"DE LAND 1.3 WSW, FL US",29.025917,-81.31653,9/9/2017,,
"FORT MYERS 7.0 ESE, FL US",26.595002,-81.744495,9/9/2017,,
"PORT ORANGE 2.9 WSW, FL US",29.1,-81.05276,9/9/2017,,
"INVERNESS 3 SE, FL US",28.80286,-82.31266,9/9/2017,,
"TALLAHASSEE 9.3 ESE, FL US",30.4129,-84.1335,9/9/2017,,
"HAMMOCKS 0.5 SSE, FL US",25.665,-80.4395,9/9/2017,,
"SOUTH BROOKSVILLE 2.9 SW, FL US",28.49951,-82.433351,9/9/2017,,
"BELLEVIEW 6.0 SSE, FL US",28.977361,-82.024456,9/9/2017,,
"SPRING HILL 2.4 WSW, FL US",28.471471,-82.599183,9/9/2017,,
"MIRAMAR BEACH 9.5 ESE, FL US",30.34628,-86.204803,9/9/2017,,
"DE FUNIAK SPRINGS 12.5 NW, FL US",30.84455,-86.275704,9/9/2017,,
"DEFUNIAK SPRINGS 3.6 NW, FL US",30.761972,-86.157031,9/9/2017,,
"MIAMI LAKES 0.3 NNW, FL US",25.913604,-80.316509,9/9/2017,,
"CROSS CITY 1 E, FL US",29.6333,-83.1053,9/9/2017,,
"WEEKI WACHEE 7.1 NNE, FL US",28.61052,-82.5351,9/9/2017,,
"BROOKSVILLE 1.2 E, FL US",28.55534,-82.373572,9/9/2017,,
"SPRING HILL 2.4 NW, FL US",28.495454,-82.6018,9/9/2017,,
"CRESCENT CITY 2.0 N, FL US",29.466098,-81.520957,9/9/2017,,
"PANAMA CITY 5 N, FL US",30.2491,-85.6605,9/9/2017,,
"LUTZ 3.4 NE, FL US",28.171446,-82.422326,9/9/2017,,
"ZEPHYRHILLS 0.9 ENE, FL US",28.241976,-82.163851,9/9/2017,,
"NAVAL LIVE OAKS FLORIDA, FL US",30.3664,-87.1375,9/9/2017,,
"MIAMI 6.7 WSW, FL US",25.74170113,-80.32217407,9/9/2017,,
"LINDGREN ACRES 0.7 SW, FL US",25.6633578,-80.4096612,9/9/2017,,
"DADE CITY 1.8 WSW, FL US",28.352214,-82.222508,9/9/2017,,
"CUTLER RIDGE 1.7 SSW, FL US",25.560043,-80.357536,9/9/2017,,
"BISCAYNE PARK 0.3 E, FL US",25.881971,-80.176893,9/9/2017,,
"DELAND 1 SSE, FL US",29.00982,-81.29804,9/9/2017,,
"SOUTH MIAMI 0.5 N, FL US",25.715589,-80.296772,9/9/2017,,
"INLET BEACH 0.7 E, FL US",30.276034,-85.996513,9/9/2017,,
"MOUNTAIN LAKE, FL US",27.93779,-81.59928,9/9/2017,,
"HUDSON 1.1 ESE, FL US",28.350519,-82.683631,9/9/2017,,
"PORT RICHEY 2.0 NNE, FL US",28.3014,-82.7146,9/9/2017,,
"SUNSET 1.1 NE, FL US",25.71793,-80.340209,9/9/2017,,
"GAINESVILLE 3.8 W, FL US",29.680193,-82.398823,9/9/2017,,
"VERO BEACH 1.5 WSW, FL US",27.641405,-80.417429,9/9/2017,,
"PORT CHARLOTTE 6.2 W, FL US",26.980545,-82.209412,9/9/2017,,
"MICANOPY 8.5 W, FL US",29.5093,-82.4222,9/9/2017,,
"LADY LAKE 4.3 SSW, FL US",28.869917,-81.954389,9/9/2017,,
"HIGH SPRINGS 3.2 SW, FL US",29.786949,-82.627651,9/9/2017,,
"PENSACOLA 1.9 NE, FL US",30.466405,-87.171483,9/9/2017,,
"THE VILLAGES 4.8 SSW, FL US",28.868717,-81.984241,9/9/2017,,
"THE VILLAGES 2.7 NNW, FL US",28.9003,-81.973,9/9/2017,,
"JACKSONVILLE CRAIG MUNICIPAL AIRPORT, FL US",30.33708,-81.51277,9/9/2017,17.22,25.9
"PENSACOLA 18.9 WSW, FL US",30.312955,-87.467244,9/9/2017,,
"HOMESTEAD 3.0 NW, FL US",25.4897,-80.4911,9/9/2017,,
"ORLANDO WEST, FL US",28.5082,-81.5467,9/9/2017,2.91,
"ZEPHYRHILLS NORTH 2.3 N, FL US",28.2839,-82.16144,9/9/2017,,
"BROOKER 6.6 SSE, FL US",29.80059,-82.283616,9/9/2017,,
"CUTLER RIDGE 1.5 SSW, FL US",25.56100464,-80.35260773,9/9/2017,,
"VERO BEACH 2.4 W, FL US",27.643772,-80.433882,9/9/2017,,
"VERNON 10.6 WSW, FL US",30.567783,-85.87305,9/9/2017,,
"PERRY 2.0 S, FL US",30.080322,-83.586422,9/9/2017,,
"GAINESVILLE 8.1 SW, FL US",29.5908,-82.4314,9/9/2017,,
"CENTURY 12.1 W, FL US",30.96403,-87.46575,9/9/2017,,
"PENSACOLA 9.2 NW, FL US",30.52816,-87.30888,9/9/2017,,
"THE VILLAGES 2.8 ESE, FL US",28.903275,-81.965788,9/9/2017,,
"PENSACOLA 2.3 NE, FL US",30.47019,-87.16594,9/9/2017,,
"JUNO BEACH, FL US",26.86,-80.0552,9/9/2017,,
"OXFORD 1.2 ENE, FL US",28.93628508,-82.0210062,9/9/2017,,
"TARPON SPGS SEWAGE PLANT, FL US",28.15225,-82.7538,9/9/2017,,
"BUSHNELL 1.0 NNW, FL US",28.6785,-82.1205,9/9/2017,,
"DESOTO CITY, FL US",27.3697,-81.5136,9/9/2017,,
"CHEKIKA FLORIDA, FL US",25.625,-80.5797,9/9/2017,,
"VERO BEACH 5.3 W, FL US",27.640879,-80.480391,9/9/2017,,
"GAINESVILLE 6.5 NW, FL US",29.737964,-82.416213,9/9/2017,,
"LAKE PLACID 1.1 WSW, FL US",27.2877,-81.3853,9/9/2017,,
"GONZALEZ 2.5 NNW, FL US",30.60403,-87.31218,9/9/2017,,
"HOLIDAY 0.6 E, FL US",28.187464,-82.73213,9/9/2017,,
"BUSHNELL 1 E, FL US",28.66641,-82.08947,9/9/2017,,
"DADE CITY 4.1 SSE, FL US",28.305428,-82.174041,9/9/2017,,
"SEBASTIAN 1.7 SSE, FL US",27.763426,-80.474196,9/9/2017,,
"VERO BEACH 3.4 W, FL US",27.642899,-80.44938,9/9/2017,,
"GAINESVILLE 1.7 SE, FL US",29.65547,-82.31708,9/9/2017,,
"MAYO, FL US",30.1063,-83.1819,9/9/2017,,
"VERO BEACH 3.5 SSW, FL US",27.59959,-80.416643,9/9/2017,,
"VERO BEACH 2.5 S, FL US",27.610172,-80.39295,9/9/2017,,
"VERO BEACH 6.0 SSE, FL US",27.5598,-80.388936,9/9/2017,,
"SYLVAN SHORES 8.5 NE, FL US",27.405027,-81.246061,9/9/2017,,
"SEBRING 4.7 WNW, FL US",27.515983,-81.525033,9/9/2017,,
"AVON PARK 0.6 NW, FL US",27.60047,-81.509323,9/9/2017,,
"GONZALEZ 2.1 E, FL US",30.568513,-87.254739,9/9/2017,,
"LADY LAKE 5.0 W, FL US",28.92495,-82.0119,9/9/2017,,
"LAND O LAKES 1.5 SSE, FL US",28.202699,-82.440046,9/9/2017,,
"VERO BEACH SOUTH 3.4 SSW, FL US",27.572764,-80.439757,9/9/2017,,
"LACOOCHEE 1.0 NE, FL US",28.4754,-82.1569,9/9/2017,,
"ENGLEWOOD 2.5 WNW, FL US",26.973919,-82.39214,9/9/2017,,
"CAPE FLORIDA, FL US",25.6719,-80.1566,9/9/2017,,
"ORANGE PARK 4.8 SSW, FL US",30.1044,-81.736,9/9/2017,,
"KEYSTONE HEIGHTS 3.5 ENE, FL US",29.798056,-81.978811,9/9/2017,,
"KEYSTONE HEIGHTS 6.9 ENE, FL US",29.81717,-81.92745,9/9/2017,,
"KEYSTONE HEIGHTS 7.6 ENE, FL US",29.8362,-81.924675,9/9/2017,,
"CHIPLEY, FL US",30.7806,-85.5503,9/9/2017,,
"ARCADIA, FL US",27.21785,-81.8742,9/9/2017,,
"GREEN COVE SPRINGS 6.8 SSE, FL US",29.901897,-81.627703,9/9/2017,,
"ENGLEWOOD 2.0 NNW, FL US",26.986543,-82.365365,9/9/2017,,
"COCOA 4.6 NW, FL US",28.4247,-80.8018,9/9/2017,,
"MIMS 3.3 SW, FL US",28.64682,-80.88007,9/9/2017,,
"PENSACOLA 12.5 SW, FL US",30.3315,-87.353,9/9/2017,,
"PENSACOLA 7.0 NNW, FL US",30.534554,-87.244034,9/9/2017,,
"PALM BAY 3.2 S, FL US",27.939933,-80.669107,9/9/2017,,
"TITUSVILLE 0.9 SW, FL US",28.5808,-80.83114,9/9/2017,,
"LAKELAND 2, FL US",27.99437,-82.01378,9/9/2017,,
"NORTH PORT 1.6 ENE, FL US",27.061,-82.172,9/9/2017,,
"NORTH PORT 4.7 NNE, FL US",27.113171,-82.165734,9/9/2017,,
"SARASOTA 5.8 SE, FL US",27.261,-82.4885,9/9/2017,,
"COCOA 5.1 NW, FL US",28.42102,-80.81711,9/9/2017,,
"TITUSVILLE 5.9 NNW, FL US",28.6613616,-80.8699074,9/9/2017,,
"MERRITT ISLAND 5.6 NNW, FL US",28.382235,-80.706679,9/9/2017,,
"SARASOTA 1.4 E, FL US",27.34013939,-82.52347565,9/9/2017,,
"ENGLEWOOD 3.7 NNW, FL US",27.003679,-82.386879,9/9/2017,,
"PACE 2.4 N, FL US",30.633971,-87.15933,9/9/2017,,
"ST AUGUSTINE AIRPORT, FL US",29.95917,-81.33972,9/9/2017,21.25,31.1
"KISSIMMEE 2, FL US",28.2763,-81.424,9/9/2017,,
"NORTH PORT 2.6 E, FL US",27.054479,-82.152672,9/9/2017,,
"POMPANO BEACH AIRPARK, FL US",26.24636,-80.11105,9/9/2017,21.7,42.9
"ST PETERSBURG ALBERT WHITTED AIRPORT, FL US",27.76847,-82.62568,9/9/2017,23.26,36
"HOLLYWOOD NORTH PERRY AIRPORT, FL US",25.99956,-80.24119,9/9/2017,21.03,40.9
"KISSIMMEE PRAIRIE PRESERVE, FL US",27.6038,-81.053,9/9/2017,,
"ARCHBOLD BIO STATION, FL US",27.1819,-81.3508,9/9/2017,,
"BARTOW 1 SE, FL US",27.88608,-81.83251,9/9/2017,,
"LAKE WORTH 1.2 N, FL US",26.6362,-80.0558,9/9/2017,,
"NAVARRE 6.2 E, FL US",30.41475,-86.80899,9/9/2017,,
"INTERLACHEN 2.8 NNE, FL US",29.651678,-81.874637,9/9/2017,,
"SATSUMA 4.0 NE, FL US",29.5909,-81.6063,9/9/2017,,
"EAST PALATKA 3.5 NNW, FL US",29.696167,-81.626432,9/9/2017,,
"CRESCENT CITY 8.6 WSW, FL US",29.39962,-81.65219,9/9/2017,,
"FLORAHOME 4.1 NNE, FL US",29.783161,-81.848668,9/9/2017,,
"ORANGE PARK 4.1 WSW, FL US",30.144849,-81.766778,9/9/2017,,
"HIGH POINT 0.2 E, FL US",28.547031,-82.523102,9/9/2017,,
"WEEKI WACHEE 3.0 N, FL US",28.558567,-82.578133,9/9/2017,,
"SPRING HILL 3.3 SE, FL US",28.44753,-82.52357,9/9/2017,,
"ABERDEEN 4.2 NNW, FL US",26.607032,-80.172049,9/9/2017,,
"SUNSET 2.4 SW, FL US",25.683459,-80.381546,9/9/2017,,
"LAKE WORTH 1.0 NNW, FL US",26.633057,-80.066103,9/9/2017,,
"HILLSBOROUGH RVR ST PARK, FL US",28.1469,-82.2276,9/9/2017,,
"LINDGREN ACRES 0.5 WSW, FL US",25.6682,-80.4087,9/9/2017,,
"SUN VALLEY 0.8 SW, FL US",26.518,-80.145,9/9/2017,,
"NAVARRE 2.1 WNW, FL US",30.408899,-86.897846,9/9/2017,,
"SARASOTA 4.0 S, FL US",27.27793503,-82.55014038,9/9/2017,,
"GULF BREEZE 7.2 ENE, FL US",30.39767647,-87.05970764,9/9/2017,,
"SATSUMA 0.2 WSW, FL US",29.5516586,-81.6578598,9/9/2017,,
"INTERLACHEN 10.4 NNE, FL US",29.75871,-81.83854,9/9/2017,,
"EVERGLADES CITY 5 NE, FL US",25.8996,-81.3183,9/9/2017,,
"SEBRING 23 SSE, FL US",27.1526,-81.3689,9/9/2017,,
"FLEMING ISLAND 2.2 S, FL US",30.06164,-81.71337,9/9/2017,,
"ORANGE PARK 2.5 WSW, FL US",30.15172,-81.742435,9/9/2017,,
"KEYSTONE HEIGHTS 10.0 NE, FL US",29.8641589,-81.8978604,9/9/2017,,
"ABERDEEN 3.7 WNW, FL US",26.575478,-80.202553,9/9/2017,,
"TITUSVILLE 7 E, FL US",28.6159,-80.6929,9/9/2017,,
"APOPKA 2.9 E, FL US",28.6848,-81.4659,9/9/2017,,
"ST. AUGUSTINE 12.2 WNW, FL US",29.944067,-81.5061,9/9/2017,,
"JACKSONVILLE INTERNATIONAL AIRPORT, FL US",30.49529,-81.69374,9/9/2017,17.45,25.9
"PAHOKEE 1.6 NE, FL US",26.8374,-80.6471,9/9/2017,,
"LANTANA 0.3 E, FL US",26.58380249,-80.05063148,9/9/2017,,
"WELLINGTON 0.7 SE, FL US",26.65101242,-80.24752045,9/9/2017,,
"CRESTVIEW FAA AP, FL US",30.77715,-86.51938,9/9/2017,6.93,18.1
"ORLANDO 7.4 WNW, FL US",28.57094955,-81.49594116,9/9/2017,,
"ORLANDO 4.9 N, FL US",28.57430077,-81.38513947,9/9/2017,,
"ORLANDO 4.8 NNW, FL US",28.57224846,-81.39583588,9/9/2017,,
"ORANGE 11.2 NE, FL US",28.587995,-81.106032,9/9/2017,,
"ST. AUGUSTINE 3.1 SSE, FL US",29.84995,-81.29036667,9/9/2017,,
"ST. AUGUSTINE 3.4 NW, FL US",29.9269,-81.3517,9/9/2017,,
"LISBON, FL US",28.8728,-81.7844,9/9/2017,,
"MARIANNA MUNICIPAL AIRPORT, FL US",30.83696,-85.18352,9/9/2017,12.3,23
"PENSACOLA REGIONAL AIRPORT, FL US",30.47612,-87.18575,9/9/2017,8.5,16.1
"UNION PARK 1.1 E, FL US",28.562445,-81.218461,9/9/2017,,
"MAYPORT PILOT STATION, FL US",30.4,-81.41667,9/9/2017,25.72,35.1
"WAUCHULA, FL US",27.5477,-81.7994,9/9/2017,,
"PLANT CITY 6.5 NW, FL US",28.066173,-82.209836,9/9/2017,,
"CITRUS PARK 1.3 ENE, FL US",28.08232,-82.549328,9/9/2017,,
"VALRICO 1.1 SE, FL US",27.929363,-82.228964,9/9/2017,,
"VALRICO 2.2 SE, FL US",27.9125,-82.2261,9/9/2017,,
"MOUNT PLYMOUTH 1 SSW, FL US",28.7991,-81.5373,9/9/2017,,
"UNION PARK 2.9 SSE, FL US",28.522274,-81.225459,9/9/2017,,
"ST. AUGUSTINE SOUTH 2.1 SSW, FL US",29.81285,-81.331895,9/9/2017,,
"JUPITER 2.0 SW, FL US",26.901957,-80.124571,9/9/2017,,
"TAMPA 5.1 S, FL US",27.885885,-82.489524,9/9/2017,,
"SUN CITY CENTER 1.0 NE, FL US",27.7305,-82.3384,9/9/2017,,
"BOYNTON BEACH 6.2 WNW, FL US",26.55375,-80.176418,9/9/2017,,
"ABERDEEN 1.4 WNW, FL US",26.56134224,-80.16861725,9/9/2017,,
"BOCA RATON 2.1 ENE, FL US",26.38388,-80.07553,9/9/2017,,
"DELRAY BEACH 1.6 WSW, FL US",26.44198418,-80.11053467,9/9/2017,,
"DELRAY BEACH 1.9 SSE, FL US",26.42777443,-80.08089447,9/9/2017,,
"WEST PALM BEACH 6.0 WNW, FL US",26.780269,-80.216571,9/9/2017,,
"FRUITLAND PARK 0.8 NNW, FL US",28.8679,-81.9152,9/9/2017,,
"WINTER GARDEN 2.3 SSW, FL US",28.530339,-81.594792,9/9/2017,,
"BAY LAKE 4.1 WSW, FL US",28.356718,-81.633374,9/9/2017,,
"ALTOONA 5.3 NNE, FL US",29.039698,-81.627135,9/9/2017,,
"ASTATULA 1.0 E, FL US",28.71091843,-81.71882629,9/9/2017,,
"UNION PARK 3.8 ESE, FL US",28.543139,-81.17853,9/9/2017,,
"OCOEE 1.4 N, FL US",28.592667,-81.5285,9/9/2017,,
"ORLANDO 7.2 WNW, FL US",28.572876,-81.491422,9/9/2017,,
"LADY LAKE 2.0 NNW, FL US",28.954757,-81.93905,9/9/2017,,
"ORLANDO 12.0 S, FL US",28.3645,-81.4146,9/9/2017,,
"HIALEAH, FL US",25.8175,-80.2858,9/9/2017,,
"FORT PIERCE 8.6 NW, FL US",27.55148888,-80.40325928,9/9/2017,,
"PERRINE 4 W, FL US",25.5819,-80.4361,9/9/2017,,
"PORT ST. LUCIE 4.4 NNW, FL US",27.33976364,-80.37633514,9/9/2017,,
"PERRY, FL US",30.09861,-83.57417,9/9/2017,,
"APOPKA 3.5 ESE, FL US",28.66696,-81.460861,9/9/2017,,
"CRESCENT CITY, FL US",29.425,-81.5161,9/9/2017,,
"LADY LAKE 5.5 S, FL US",28.849946,-81.944595,9/9/2017,,
"PORT ST. LUCIE 1.7 NNW, FL US",27.3029,-80.36172,9/9/2017,,
"LEESBURG 2.7 NW, FL US",28.836163,-81.913656,9/9/2017,,
"PALM CITY 4.0 SW, FL US",27.1222,-80.3169,9/9/2017,,
"BOCA RATON 3.8 WSW, FL US",26.35442,-80.164432,9/9/2017,,
"FORT PIERCE 9.3 NNW, FL US",27.555353,-80.401967,9/9/2017,,
"PALM BEACH SHORES 1.4 N, FL US",26.79701,-80.034979,9/9/2017,,
"DELRAY BEACH 2.3 WSW, FL US",26.446739,-80.125586,9/9/2017,,
"PORT ST. LUCIE 4.1 SW, FL US",27.243937,-80.406642,9/9/2017,,
"VERO BEACH 4 SE, FL US",27.6527,-80.403,9/9/2017,,
"GOLFVIEW 0.9 SSW, FL US",26.67679,-80.11644,9/9/2017,,
"SOUTH BAY 15 S, FL US",26.47,-80.6402,9/9/2017,,
"SOUTH PASADENA 1.0 NE, FL US",27.763511,-82.73149,9/9/2017,,
"PORT ST. LUCIE 4.0 NE, FL US",27.323691,-80.311118,9/9/2017,,
"GROVELAND 1.7 E, FL US",28.565,-81.824,9/9/2017,,
"PLANTATION 1.2 SSW, FL US",26.10916,-80.266049,9/9/2017,,
"MOUNT PLYMOUTH 0.2 WSW, FL US",28.799,-81.535,9/9/2017,,
"ST. PETERSBURG 2.3 SSE, FL US",27.725489,-82.632544,9/9/2017,,
"FORT PIERCE 3.4 NNE, FL US",27.487398,-80.303462,9/9/2017,,
"STUART 3.7 SW, FL US",27.133546,-80.207944,9/9/2017,,
"TRADITION 5.6 W, FL US",27.268118,-80.445381,9/9/2017,,
"FORT PIERCE 2.8 SSE, FL US",27.386425,-80.328599,9/9/2017,,
"LARGO 2.2 ESE, FL US",27.896416,-82.74798,9/9/2017,,
"BRONSON 3.0 SE, FL US",29.42081,-82.60151,9/9/2017,,
"DUNNELLON 10.1 NW, FL US",29.15689,-82.561089,9/9/2017,,
"CHIEFLAND 8.5 ENE, FL US",29.503061,-82.722588,9/9/2017,,
"RIVERVIEW 2.1 W, FL US",27.8658,-82.3507,9/9/2017,,
"CLEARWATER 2.2 S, FL US",27.947971,-82.760507,9/9/2017,,
"LADY LAKE 2.5 SSW, FL US",28.892491,-81.9404069,9/9/2017,,
"JENSEN BEACH 2.2 NW, FL US",27.2541,-80.260388,9/9/2017,,
"STUART 1.0 ESE, FL US",27.188296,-80.227921,9/9/2017,,
"STUART 6.9 SSW, FL US",27.0999,-80.278854,9/9/2017,,
"PORT ST. LUCIE 2.4 N, FL US",27.313837,-80.356329,9/9/2017,,
"PALM CITY 3.1 NW, FL US",27.19760513,-80.29985046,9/9/2017,,
"LIVE OAK 10.0 W, FL US",30.30671,-83.15325,9/9/2017,,
"CENTRAL FLORIDA, FL US",29.105,-81.63,9/9/2017,,
"LIVE OAK 0.4 NE, FL US",30.298514,-82.981809,9/9/2017,,
"RACCOON POINT FLORIDA, FL US",25.9708,-80.9,9/9/2017,,
"PALM CITY 1.4 NW, FL US",27.175463,-80.284975,9/9/2017,,
"OKEECHOBEE 18.0 NNW, FL US",27.4681,-80.97531,9/9/2017,,
"OKEECHOBEE 27.1 NNW, FL US",27.58467,-81.04556,9/9/2017,,
"TRENTON 4.0 NW, FL US",29.656267,-82.862753,9/9/2017,,
"TEMPLE TERRACE 1.5 SE, FL US",28.025817,-82.367522,9/9/2017,,
"RIVERVIEW 4.4 SSW, FL US",27.810165,-82.339151,9/9/2017,,
"LAKEWOOD PARK 0.5 SW, FL US",27.531807,-80.395191,9/9/2017,,
"JACKSONVILLE BEACH, FL US",30.2875,-81.3927,9/9/2017,,
"RIVERVIEW 4.8 SSW, FL US",27.80473,-82.34099,9/9/2017,,
"MADISON 1.2 ENE, FL US",30.47269262,-83.39544453,9/9/2017,,
"OVIEDO 1.6 SE, FL US",28.638666,-81.165168,9/9/2017,,
"TAMPA 6.5 NNE, FL US",28.03011,-82.40623,9/9/2017,,
"PLANT CITY, FL US",28.02084,-82.13855,9/9/2017,,
"LUTZ 1.3 SSE, FL US",28.122804,-82.45308,9/9/2017,,
"APALACHICOLA 0.8 WNW, FL US",29.731,-85.007,9/9/2017,,
"EASTPOINT 1.4 NW, FL US",29.7627449,-84.88659668,9/9/2017,,
"ST. GEORGE ISLAND 2.2 ENE, FL US",29.658948,-84.880928,9/9/2017,,
"TAMPA BAY AREA WEATHER FORECAST OFFICE, FL US",27.70532,-82.40092,9/9/2017,,
"SANFORD 1.9 WNW, FL US",28.79711533,-81.30506134,9/9/2017,,
"OVIEDO 4.0 W, FL US",28.65935,-81.247411,9/9/2017,,
"BLOOMINGDALE 7.6 ESE, FL US",27.828269,-82.148655,9/9/2017,,
"CACHE FLORIDA, FL US",25.3903,-80.6803,9/9/2017,,
"LUTZ 2.0 E, FL US",28.135757,-82.430417,9/9/2017,,
"QUINCY 6.0 SW, FL US",30.524685,-84.658601,9/9/2017,,
"OAKLAND PARK 0.3 SE, FL US",26.170664,-80.150142,9/9/2017,,
"QUINCY 6.0 SW, FL US",30.529356,-84.662083,9/9/2017,,
"PLANTATION 1.4 N, FL US",26.146375,-80.260109,9/9/2017,,
"HAVANA 4.2 SW, FL US",30.582286,-84.467118,9/9/2017,,
"UNIVERSITY WEST 2.0 WNW, FL US",28.082426,-82.464012,9/9/2017,,
"QUINCY 7.5 SSW, FL US",30.481636,-84.618846,9/9/2017,,
"CHULUOTA 0.9 N, FL US",28.651958,-81.120867,9/9/2017,,
"POINCIANA PLACE 2.6 NNW, FL US",28.193045,-81.499722,9/9/2017,,
"JASPER, FL US",30.5228,-82.9447,9/9/2017,,
"POMPANO BEACH 3.1 NE, FL US",26.27232,-80.10258,9/9/2017,,
"APOLLO BEACH 3.0 ENE, FL US",27.784776,-82.361073,9/9/2017,,
"RUSKIN 1.8 ESE, FL US",27.705656,-82.400519,9/9/2017,,
"GREATER NORTHDALE 0.4 ENE, FL US",28.107081,-82.513162,9/9/2017,,
"TALLAHASSEE AIRPORT, FL US",30.3961,-84.3555,9/9/2017,,
"PLANTATION 2.3 WNW, FL US",26.139089,-80.295318,9/9/2017,,
"HOLLYWOOD 3.9 SW, FL US",25.98663,-80.20419,9/9/2017,,
"LUTZ 2.2 SSE, FL US",28.11046,-82.446,9/9/2017,,
"ALFORD 0.6 SSE, FL US",30.6871579,-85.3929456,9/9/2017,,
"MARIANNA 3.9 E, FL US",30.773695,-85.174727,9/9/2017,,
"CHIEFLAND 2.4 WSW, FL US",29.46402223,-82.89752784,9/9/2017,,
"HOLLYWOOD 1.1 WNW, FL US",26.0377389,-80.179971,9/9/2017,,
"FORT PIERCE, FL US",27.4419,-80.3508,9/9/2017,,
"FORT PIERCE ARC, FL US",27.4272,-80.4053,9/9/2017,,
"TALLAHASSEE 4.8 ESE, FL US",30.4379406,-84.20410156,9/9/2017,,
"TALLAHASSEE 7.2 N, FL US",30.56025505,-84.27293396,9/9/2017,,
"TALLAHASSEE 6.2 E, FL US",30.45733,-84.17725,9/9/2017,,
"JACKSONVILLE 11.4 ESE, FL US",30.314391,-81.467561,9/9/2017,,
"JACKSONVILLE 10.0 WSW, FL US",30.30437,-81.82263,9/9/2017,,
"JACKSONVILLE 11.9 N, FL US",30.5042291,-81.6203865,9/9/2017,,
"TALLAHASSEE 9.7 SE, FL US",30.377475,-84.146335,9/9/2017,,
"BLOXHAM FLORIDA, FL US",30.5872,-84.9886,9/9/2017,,
"TALLAHASSEE 10.4 E, FL US",30.4755,-84.1079,9/9/2017,,
"TALLAHASSEE 10.4 SSE, FL US",30.3101,-84.240606,9/9/2017,,
"PANAMA CITY BEACH 0.3 SW, FL US",30.206798,-85.855352,9/9/2017,,
"JACKSONVILLE 10.3 SW, FL US",30.235,-81.78694444,9/9/2017,,
"CANAL POINT USDA, FL US",26.8639,-80.6256,9/9/2017,,
"JACKSONVILLE 12.0 SSE, FL US",30.17049,-81.581833,9/9/2017,,
"LYNN HAVEN 1.6 SSE, FL US",30.2209,-85.64312,9/9/2017,,
"PANAMA CITY 6.9 ESE, FL US",30.13825,-85.56562,9/9/2017,,
"FOUNTAIN 3.4 SSE, FL US",30.432762,-85.39918,9/9/2017,,
"PALM HARBOR 2.4 SE, FL US",28.063284,-82.735941,9/9/2017,,
"OCHOPEE FLORIDA, FL US",25.9167,-81.2833,9/9/2017,,
"BUCKINGHAM 1.7 SE, FL US",26.658553,-81.713763,9/9/2017,,
"ST. PETERSBURG 4.5 NW, FL US",27.80193,-82.69669,9/9/2017,,
"NEPTUNE BEACH 0.5 NNW, FL US",30.321562,-81.395639,9/9/2017,,
"PANAMA CITY BEACH 5.9 WNW, FL US",30.2535,-85.93693,9/9/2017,,
"MELBOURNE BEACH A1A, FL US",28.0547,-80.5512,9/9/2017,,
"PANAMA CITY BEACH 1.2 ESE, FL US",30.20175743,-85.83447266,9/9/2017,,
"SANDERSON 4.9 NNW, FL US",30.321161,-82.275681,9/9/2017,,
"LARGO 1.5 NE, FL US",27.921417,-82.760306,9/9/2017,,
"SEMINOLE 3.3 WNW, FL US",27.8618,-82.83478,9/9/2017,,
"GLEN ST. MARY 1.7 N, FL US",30.298508,-82.16236,9/9/2017,,
"BAY PINES 0.5 NW, FL US",27.82011,-82.781906,9/9/2017,,
"GLEN ST. MARY 4.4 SW, FL US",30.237,-82.2189,9/9/2017,,
"ST. PETERSBURG 2.2 N, FL US",27.789892,-82.643677,9/9/2017,,
"PALM HARBOR 1.0 S, FL US",28.07288,-82.76536,9/9/2017,,
"JACKSONVILLE 8.8 E, FL US",30.356,-81.512,9/9/2017,,
"MELBOURNE WEATHER FORECAST OFFICE, FL US",28.1136,-80.654,9/9/2017,,
"OASIS FLORIDA, FL US",25.85,-81.03,9/9/2017,,
"DAYTONA BEACH, FL US",29.1966,-81.0084,9/9/2017,,
"KEY WEST WEATHER FORECAST OFFICE, FL US",24.55338,-81.78807,9/9/2017,,
"PENSACOLA 7 NNE, FL US",30.5301,-87.19847,9/9/2017,,
"MIAMI NWSFO, FL US",25.7553,-80.3836,9/9/2017,,
"NAPLES 9.0 NE, FL US",26.24060631,-81.69763947,9/9/2017,,
"DUNEDIN 3.0 SE, FL US",28.011696,-82.776146,9/9/2017,,
"TARPON SPRINGS 2.6 E, FL US",28.143931,-82.738462,9/9/2017,,
"PALM BAY, FL US",27.91527,-80.64573,9/9/2017,,
"SAINT LEO, FL US",28.3378,-82.26,9/9/2017,,
"JACKSONVILLE 5.9 SW, FL US",30.276483,-81.730413,9/9/2017,,
"TITUSVILLE, FL US",28.6243,-80.817,9/9/2017,,
"MONTICELLO 10 SW, FL US",30.4405,-83.9858,9/9/2017,,
"DUNEDIN 2.8 ESE, FL US",28.034694,-82.764528,9/9/2017,,
"ST. PETERSBURG 2.4 NW, FL US",27.78407,-82.66891,9/9/2017,,
"GULFPORT 0.9 NNW, FL US",27.758823,-82.71644,9/9/2017,,
"ST. PETERSBURG 3.2 NNW, FL US",27.803252,-82.65457,9/9/2017,,
"CRAWFORDVILLE 4.7 SE, FL US",30.1413,-84.3209,9/9/2017,,
"BARTOW 7.8 SE, FL US",27.828452,-81.743273,9/9/2017,,
"DAYTONA BEACH INTERNATIONAL AIRPORT, FL US",29.17351,-81.07185,9/9/2017,17.22,31.1
"LAKELAND 8.7 SW, FL US",27.952372,-82.042413,9/9/2017,,
"CROSS CITY AIRPORT, FL US",29.63333,-83.10528,9/9/2017,12.97,21.9
"APALACHICOLA AIRPORT, FL US",29.72681,-85.02481,9/9/2017,12.97,19.9
"FROSTPROOF 4.6 SW, FL US",27.70274,-81.58903,9/9/2017,,
"LAKELAND 6.9 SW, FL US",27.960836,-81.995608,9/9/2017,,
"LAKELAND 5.3 WNW, FL US",28.06498,-82.04227,9/9/2017,,
"MIAMI INTERNATIONAL AIRPORT, FL US",25.78805,-80.31694,9/9/2017,19.46,48.1
"MELBOURNE INTERNATIONAL AIRPORT, FL US",28.09969,-80.6356,9/9/2017,21.7,28
"KEY WEST INTERNATIONAL AIRPORT, FL US",24.55706,-81.75539,9/9/2017,26.17,48.1
"FORT MYERS PAGE FIELD AIRPORT, FL US",26.58495,-81.86146,9/9/2017,16.78,32
"OLUSTEE FLORIDA, FL US",30.2,-82.4,9/9/2017,,
"MILES CITY FLORIDA, FL US",26.2483,-81.2967,9/9/2017,,
"WEST PALM BEACH INTERNATIONAL AIRPORT, FL US",26.6851,-80.09918,9/9/2017,20.8,38
"VERO BEACH INTERNATIONAL AIRPORT, FL US",27.6553,-80.41425,9/9/2017,16.11,30
"SUMATRA FLORIDA, FL US",30.0175,-84.9842,9/9/2017,,
"TAMPA INTERNATIONAL AIRPORT, FL US",27.96331,-82.54,9/9/2017,12.3,21
"ORLANDO EXECUTIVE AIRPORT, FL US",28.54653,-81.33544,9/9/2017,14.54,31.1
"SOLIVITA 2.0 SSW, FL US",28.11407,-81.47893,9/9/2017,,
"LAKE WALES 5.8 NNE, FL US",27.973,-81.539,9/9/2017,,
"ARCADIA 7.1 WSW, FL US",27.1752,-81.9644,9/9/2017,,
"AUBURNDALE 1.1 W, FL US",28.071828,-81.815935,9/9/2017,,
"PALM COAST 1.9 S, FL US",29.5439272,-81.2156825,9/9/2017,,
"PALM COAST 5.9 S, FL US",29.486515,-81.225692,9/9/2017,,
"JACKSONVILLE 10.6 NNW, FL US",30.483907,-81.701631,9/9/2017,,
"ST. MARKS EAST FLORIDA, FL US",30.1333,-84.1333,9/9/2017,,
"USHER TOWER, FL US",29.40807,-82.8188,9/9/2017,,
"PUNTA GORDA CHARLOTTE CO AIRPORT, FL US",26.91847,-81.99391,9/9/2017,18.34,29.1
"LAKE WALES 0.7 SE, FL US",27.89293,-81.58104,9/9/2017,,
"BABSON PARK 0.9 NW, FL US",27.84173,-81.53858,9/9/2017,,
"WHITING FIELD NAS, FL US",30.71667,-87.01667,9/9/2017,7.61,17
"POLK CITY 1.6 WSW, FL US",28.1722,-81.84917,9/9/2017,,
"CLERMONT 9 S, FL US",28.4558,-81.7234,9/9/2017,,
"POINCIANA PLACE 2.5 SSW, FL US",28.124194,-81.500476,9/9/2017,,
"LEESBURG MUNICIPAL AIRPORT, FL US",28.82143,-81.80963,9/9/2017,13.2,23.9
"BROOKSVILLE HERNANDO CO AIRPORT, FL US",28.47388,-82.45374,9/9/2017,13.87,25.9
"GAINESVILLE REGIONAL AIRPORT, FL US",29.6917,-82.27603,9/9/2017,10.29,29.1
"ORLANDO INTERNATIONAL AIRPORT, FL US",28.41822,-81.32413,9/9/2017,15.43,28
"BUNNELL 1.0 ENE, FL US",29.472222,-81.243889,9/9/2017,,
"CRAWFORDVILLE 1.0 S, FL US",30.17982,-84.36779,9/9/2017,,
"BOWLING GREEN 0.6 W, FL US",27.636864,-81.833733,9/9/2017,,
"PALM COAST 0.6 ESE, FL US",29.56626,-81.20536,9/9/2017,,
"JACKSONVILLE NAS, FL US",30.23333,-81.66667,9/9/2017,19.24,25.9
"PALM COAST 2.1 NNE, FL US",29.59963,-81.20458,9/9/2017,,
"HAINES CITY 6.0 ESE, FL US",28.0627,-81.54513889,9/9/2017,,
"MARATHON 6.8 ENE, FL US",24.74355,-80.9788,9/9/2017,,
"FERNANDINA BEACH 6.3 SW, FL US",30.597876,-81.528411,9/9/2017,,
"MERRITT ISLAND FLORIDA, FL US",28.6408,-80.7308,9/9/2017,,
"KEY LARGO 0.9 SE, FL US",25.09546661,-80.43177795,9/9/2017,,
"HEDGES 0.3 ESE, FL US",30.597933,-81.594717,9/9/2017,,
"JACKSONVILLE 13.3 NNE, FL US",30.513225,-81.572494,9/9/2017,,
"WINTER HAVEN GILBERT AIRPORT, FL US",28.06137,-81.75684,9/9/2017,16.55,25.9
"JACKSONVILLE 9.6 SE, FL US",30.227373,-81.55649,9/9/2017,,
"ST PETERSBURG CLEARWATER INTERNATIONAL AIRPORT, FL US",27.91255,-82.68555,9/9/2017,15.66,25.1
"LAKE CITY 2 E, FL US",30.1852,-82.5941,9/9/2017,,
"SARASOTA BRADENTON AIRPORT, FL US",27.40146,-82.55863,9/9/2017,15.43,28
"KEY WEST 1.3 ENE, FL US",24.5695,-81.7559,9/9/2017,,
"MIAMI KENDALL TAMIAMI EXEC AIRPORT, FL US",25.64226,-80.43467,9/9/2017,21.03,44.1
"FORT LAUDERDALE EXECUTIVE AIRPORT, FL US",26.19905,-80.17764,9/9/2017,20.13,38.9
"KENANSVILLE, FL US",27.8703,-81.0435,9/9/2017,,
"LAKELAND LINDER REGIONAL AIRPORT, FL US",28,-82.05,9/9/2017,15.88,21
"MIAMI OPA LOCKA AIRPORT, FL US",25.91017,-80.28283,9/9/2017,22.37,45
"FORT LAUDERDALE INTERNATIONAL AIRPORT, FL US",26.07875,-80.16223,9/9/2017,21.92,53
"TALLAHASSEE REGIONAL AIRPORT, FL US",30.39354,-84.35136,9/9/2017,11.86,21
"JACKSONVILLE 8.9 ENE, FL US",30.3848,-81.521,9/9/2017,,
"JACKSONVILLE 12.0 SSE, FL US",30.175,-81.5705,9/9/2017,,
"LAKELAND HIGHLANDS 0.3 SE, FL US",27.957,-81.946,9/9/2017,,
"EAGLE LAKE 2.0 WNW, FL US",27.98551,-81.79022,9/9/2017,,
"JACKSONVILLE 4.2 NE, FL US",30.375792,-81.604721,9/9/2017,,
"BELL 4 NW, FL US",29.79556,-82.91778,9/9/2017,,
"JACKSONVILLE 7.8 SW, FL US",30.25855,-81.754783,9/9/2017,,
"FERNANDINA BEACH 0.4 ESE, FL US",30.655162,-81.443541,9/9/2017,,
"AUBURNDALE 1.7 NW, FL US",28.090015,-81.81575,9/9/2017,,
"VENICE, FL US",27.1006,-82.4364,9/9/2017,,
"JACKSONVILLE 4.2 ESE, FL US",30.30164909,-81.59905243,9/9/2017,,
"JACKSONVILLE 6.7 WSW, FL US",30.303307,-81.76355,9/9/2017,,
"HASTINGS 4 NE, FL US",29.7652,-81.4697,9/9/2017,,
